PLOT_ID,SNIN_REFERENCE,PLOT_NO,START_DATE,REGISTERED_DATE,WARRANTY_FINAL_DATE,BC_FINAL_DATE,LEGAL_COMPLETION_DATE,NUMBER_OF_STOREYS,FIRST_PHO_DATE,FAILED_FIRST_PHO
2000000001,05000001,1,2019-08-05,2019-07-06,,2020-11-09,,2,2020-11-12,N
2000000002,05000001,2,2020-04-27,2020-03-28,,,2020-12-28,2,2020-12-31,Y
2000000003,05000001,3,2019-11-18,2019-10-19,,2020-11-09,,2,2020-11-12,N
2000000004,05000001,4,2020-03-30,2020-02-29,,2020-11-23,,2,2020-11-26,N
2000000005,05000001,5,2020-01-27,2019-12-28,,,2020-11-16,2,2020-11-19,N
2000000006,05000001,6,2020-03-30,2020-02-29,,2021-03-08,,2,2021-03-11,N
2000000007,05000001,7,2020-02-10,2020-01-11,,,2021-01-18,2,2021-01-21,N
2000000008,05000001,8,2019-11-11,2019-10-12,,2020-11-09,,2,2020-11-12,N
2000000009,05000001,9,2019-09-02,2019-08-03,,2020-11-09,,2,2020-11-12,N
2000000010,05000001,10,2020-01-13,2019-12-14,,2020-11-09,,2,2020-11-12,N
2000000011,05000001,11,2020-01-13,2019-12-14,,2020-11-09,,2,2020-11-12,N
2000000012,05000001,12,2020-03-16,2020-02-15,,2020-11-09,,2,2020-11-12,N
2000000013,05000001,13,2019-11-04,2019-10-05,2020-11-09,,,2,2020-11-12,N
2000000014,05000001,14,2019-09-23,2019-08-24,2020-11-09,,,2,2020-11-12,N
2000000015,05000001,15,2020-02-17,2020-01-18,,2021-01-18,,2,2021-01-21,N
2000000016,05000001,16,2019-08-12,2019-07-13,,2020-11-09,,2,2020-11-12,N
2000000017,05000001,17,2020-02-10,2020-01-11,,2020-12-28,,2,2020-12-31,N
2000000018,05000001,18,2020-03-09,2020-02-08,,2020-11-16,,2,2020-11-19,N
2000000019,05000001,19,2020-04-20,2020-03-21,2021-03-22,,,2,2021-03-25,N
2000000020,05000001,20,2020-01-06,2019-12-07,,2020-11-09,,2,2020-11-12,N
2000000021,05000001,21,2019-09-23,2019-08-24,,2020-11-09,,2,2020-11-12,N
2000000022,05000001,22,2019-12-16,2019-11-16,,2020-11-09,,2,2020-11-12,N
2000000023,05000001,23,2019-08-19,2019-07-20,2020-11-09,,,2,2020-11-12,N
2000000024,05000001,24,2020-02-17,2020-01-18,,2020-11-09,,2,2020-11-12,N
2000000025,05000001,25,2020-01-27,2019-12-28,,2020-11-30,,2,2020-12-03,N
2000000026,05000001,26,2019-10-28,2019-09-28,,2020-11-09,,2,2020-11-12,N
2000000027,05000001,27,2020-03-16,2020-02-15,,,2020-11-09,2,2020-11-12,N
2000000028,05000001,28,2019-08-26,2019-07-27,,2020-11-09,,2,2020-11-12,Y
2000000029,05000001,29,2019-08-26,2019-07-27,,2020-11-09,,2,2020-11-12,N
2000000030,05000001,30,2019-11-25,2019-10-26,,2020-11-09,,2,2020-11-12,N
2000000031,05000001,31,2019-12-16,2019-11-16,,,2020-11-09,2,2020-11-12,Y
2000000032,05000001,32,2020-04-06,2020-03-07,,2021-01-18,,2,2021-01-21,N
2000000033,05000001,33,2019-08-12,2019-07-13,,2020-11-09,,2,2020-11-12,N
2000000034,05000001,34,2020-04-27,2020-03-28,,2020-11-23,,2,2020-11-26,N
2000000035,05000001,35,2019-12-23,2019-11-23,,,2020-11-09,2,2020-11-12,N
2000000036,05000001,36,2019-11-04,2019-10-05,,2020-11-09,,2,2020-11-12,N
2000000037,05000001,37,2020-05-04,2020-04-04,,2021-01-25,,2,2021-01-28,N
2000000038,05000001,38,2019-11-04,2019-10-05,,,2020-11-09,2,2020-11-12,N
2000000039,05000001,39,2020-02-03,2020-01-04,,,2020-11-09,2,2020-11-12,N
2000000040,05000001,40,2020-02-10,2020-01-11,2020-12-28,,,2,2020-12-31,N
2000000041,05000001,41,2020-05-11,2020-04-11,2021-04-12,,,2,2021-04-15,N
2000000042,05000001,42,2019-12-23,2019-11-23,,2020-11-09,,2,2020-11-12,N
2000000043,05000001,43,2019-08-19,2019-07-20,,2020-11-09,,2,2020-11-12,N
2000000044,05000001,44,2019-12-16,2019-11-16,,2020-11-23,,2,2020-11-26,N
2000000045,05000002,1,2019-08-19,2019-07-20,,2020-10-12,,2,2020-10-15,N
2000000046,05000002,2,2019-10-07,2019-09-07,2020-10-12,,,2,2020-10-15,Y
2000000047,05000002,3,2019-10-21,2019-09-21,,2020-10-12,,2,2020-10-15,Y
2000000048,05000002,4,2020-05-25,2020-04-25,,2021-01-25,,2,2021-01-28,N
2000000049,05000002,5,2020-05-04,2020-04-04,2021-04-05,,,2,2021-04-08,N
2000000050,05000002,6,2020-03-30,2020-02-29,,2021-01-25,,2,2021-01-28,N
2000000051,05000002,7,2019-10-07,2019-09-07,,2020-10-12,,2,2020-10-15,N
2000000052,05000002,8,2019-09-16,2019-08-17,,2020-10-12,,2,2020-10-15,N
2000000053,05000002,9,2020-05-11,2020-04-11,,2021-02-15,,2,2021-02-18,Y
2000000054,05000002,10,2020-05-04,2020-04-04,,,2021-01-04,2,2021-01-07,N
2000000055,05000002,11,2019-09-23,2019-08-24,,2020-10-12,,2,2020-10-15,N
2000000056,05000002,12,2019-11-25,2019-10-26,,2020-10-12,,2,2020-10-15,N
2000000057,05000002,13,2019-12-02,2019-11-02,,,,2,2020-10-15,N
2000000058,05000002,14,2020-03-16,2020-02-15,,,,2,2021-02-25,N
2000000059,05000002,15,2019-08-26,2019-07-27,,2020-10-12,,2,2020-10-15,N
2000000060,05000002,16,2020-03-30,2020-02-29,,2020-11-02,,2,2020-11-05,N
2000000061,05000002,17,2020-05-04,2020-04-04,,2021-02-22,,2,2021-02-25,N
2000000062,05000002,18,2020-02-24,2020-01-25,,2020-10-12,,2,2020-10-15,N
2000000063,05000002,19,2019-10-21,2019-09-21,,2020-10-12,,2,2020-10-15,N
2000000064,05000002,20,2019-11-25,2019-10-26,,,2020-10-12,2,2020-10-15,N
2000000065,05000002,21,2019-09-09,2019-08-10,2020-10-12,,,2,2020-10-15,N
2000000066,05000002,22,2020-05-11,2020-04-11,,2021-02-15,,2,2021-02-18,N
2000000067,05000002,23,2019-12-16,2019-11-16,,2020-10-12,,2,2020-10-15,Y
2000000068,05000002,24,2019-10-28,2019-09-28,,2020-10-12,,2,2020-10-15,N
2000000069,05000002,25,2020-05-04,2020-04-04,,,2021-01-18,2,2021-01-21,N
2000000070,05000002,26,2019-11-11,2019-10-12,,2020-10-12,,2,2020-10-15,N
2000000071,05000002,27,2020-04-06,2020-03-07,,2021-02-01,,2,2021-02-04,N
2000000072,05000002,28,2020-01-06,2019-12-07,,2020-11-30,,2,2020-12-03,N
2000000073,05000002,29,2020-02-24,2020-01-25,,2020-10-12,,2,2020-10-15,N
2000000074,05000002,30,2019-12-02,2019-11-02,,2020-10-12,,2,2020-10-15,N
2000000075,05000002,31,2019-11-25,2019-10-26,,,2020-10-12,2,2020-10-15,N
2000000076,05000002,32,2020-01-20,2019-12-21,,2020-10-12,,2,2020-10-15,N
2000000077,05000002,33,2019-11-11,2019-10-12,,2020-10-12,,2,2020-10-15,N
2000000078,05000002,34,2019-12-09,2019-11-09,,2020-10-12,,2,2020-10-15,N
2000000079,05000002,35,2019-11-11,2019-10-12,2020-10-19,,,2,2020-10-22,Y
2000000080,05000002,36,2020-04-06,2020-03-07,,2021-01-04,,2,2021-01-07,Y
2000000081,05000002,37,2019-10-28,2019-09-28,,2020-10-12,,2,2020-10-15,N
2000000082,05000002,38,2019-09-02,2019-08-03,,2020-10-12,,2,2020-10-15,N
2000000083,05000002,39,2020-05-11,2020-04-11,,2020-12-07,,2,2020-12-10,N
2000000084,05000002,40,2019-12-16,2019-11-16,,2020-10-12,,2,2020-10-15,N
2000000085,05000002,41,2020-04-20,2020-03-21,,2020-12-28,,2,2020-12-31,Y
2000000086,05000002,42,2019-11-18,2019-10-19,,2020-10-12,,2,2020-10-15,N
2000000087,05000002,43,2019-12-02,2019-11-02,,2020-10-19,,2,2020-10-22,N
2000000088,05000002,44,2020-05-11,2020-04-11,,2021-03-01,,2,2021-03-04,N
2000000089,05000002,45,2019-11-11,2019-10-12,,2020-10-12,,2,2020-10-15,N
2000000090,05000002,46,2020-04-20,2020-03-21,,2020-12-28,,2,2020-12-31,N
2000000091,05000002,47,2019-12-02,2019-11-02,,2020-10-12,,2,2020-10-15,Y
2000000092,05000002,48,2019-11-18,2019-10-19,,2020-10-12,,2,2020-10-15,N
2000000093,05000002,49,2020-05-25,2020-04-25,2021-01-04,,,2,2021-01-07,Y
2000000094,05000002,50,2019-10-28,2019-09-28,,,,2,2020-10-15,N
2000000095,05000002,51,2019-11-25,2019-10-26,,2020-10-12,,2,2020-10-15,N
2000000096,05000002,52,2019-11-18,2019-10-19,,,2020-10-19,2,2020-10-22,N
2000000097,05000002,53,2020-03-09,2020-02-08,,2020-10-19,,2,2020-10-22,N
2000000098,05000002,54,2019-09-02,2019-08-03,,2020-10-12,,2,2020-10-15,Y
2000000099,05000002,55,2020-04-13,2020-03-14,,2021-03-08,,2,2021-03-11,N
2000000100,05000002,56,2020-05-04,2020-04-04,2020-12-14,,,2,2020-12-17,N
2000000101,05000002,57,2019-12-30,2019-11-30,,,2020-11-16,2,2020-11-19,N
2000000102,05000002,58,2020-04-27,2020-03-28,2021-02-08,,,2,2021-02-11,N
2000000103,05000002,59,2020-02-10,2020-01-11,2021-01-11,,,2,2021-01-14,N
2000000104,05000002,60,2020-01-27,2019-12-28,2020-10-19,,,2,2020-10-22,N
2000000105,05000002,61,2019-09-16,2019-08-17,,2020-10-12,,2,2020-10-15,Y
2000000106,05000002,62,2020-01-20,2019-12-21,,2020-10-26,,2,2020-10-29,N
2000000107,05000002,63,2020-04-27,2020-03-28,,,2021-02-01,2,2021-02-04,N
2000000108,05000002,64,2019-11-11,2019-10-12,,2020-10-12,,2,2020-10-15,N
2000000109,05000002,65,2019-09-23,2019-08-24,,2020-10-12,,2,2020-10-15,N
2000000110,05000002,66,2020-01-13,2019-12-14,2020-12-14,,,2,2020-12-17,N
2000000111,05000002,67,2019-09-09,2019-08-10,,2020-10-12,,2,2020-10-15,N
2000000112,05000002,68,2020-02-17,2020-01-18,,2020-10-19,,2,2020-10-22,Y
2000000113,05000002,69,2019-09-30,2019-08-31,,2020-10-12,,2,2020-10-15,N
2000000114,05000002,70,2020-01-20,2019-12-21,,2020-11-09,,2,2020-11-12,N
2000000115,05000002,71,2019-12-16,2019-11-16,2020-10-12,,,2,2020-10-15,N
2000000116,05000002,72,2020-03-23,2020-02-22,,,2021-03-08,2,2021-03-11,Y
2000000117,05000002,73,2020-02-24,2020-01-25,,2021-01-04,,2,2021-01-07,N
2000000118,05000002,74,2020-02-03,2020-01-04,,,2020-10-12,2,2020-10-15,N
2000000119,05000002,75,2019-11-25,2019-10-26,,2020-11-02,,2,2020-11-05,Y
2000000120,05000002,76,2019-12-23,2019-11-23,,2020-10-12,,2,2020-10-15,N
2000000121,05000002,77,2020-02-10,2020-01-11,,2021-01-04,,2,2021-01-07,N
2000000122,05000002,78,2020-04-27,2020-03-28,,2021-03-08,,2,2021-03-11,N
2000000123,05000002,79,2020-04-13,2020-03-14,,2020-12-21,,2,2020-12-24,N
2000000124,05000002,80,2019-12-16,2019-11-16,,2020-10-12,,2,2020-10-15,N
2000000125,05000002,81,2020-03-30,2020-02-29,,2020-12-14,,2,2020-12-17,Y
2000000126,05000002,82,2020-01-20,2019-12-21,,2020-12-28,,2,2020-12-31,N
2000000127,05000002,83,2020-02-10,2020-01-11,,2020-10-12,,2,2020-10-15,N
2000000128,05000002,84,2020-05-11,2020-04-11,,2020-12-21,,2,2020-12-24,N
2000000129,05000002,85,2020-03-02,2020-02-01,,2020-11-23,,2,2020-11-26,N
2000000130,05000002,86,2019-12-30,2019-11-30,2020-10-12,,,2,2020-10-15,Y
2000000131,05000002,87,2020-01-27,2019-12-28,2020-11-02,,,2,2020-11-05,N
2000000132,05000002,88,2020-04-20,2020-03-21,,2020-12-14,,2,2020-12-17,N
2000000133,05000002,89,2019-10-07,2019-09-07,2020-10-12,,,2,2020-10-15,N
2000000134,05000002,90,2020-02-17,2020-01-18,,2021-01-18,,2,2021-01-21,Y
2000000135,05000002,91,2020-01-06,2019-12-07,,,2020-11-09,2,2020-11-12,N
2000000136,05000002,92,2020-05-25,2020-04-25,,2021-03-15,,2,2021-03-18,N
2000000137,05000002,93,2019-11-25,2019-10-26,,,,2,2020-10-15,N
2000000138,05000002,94,2020-04-20,2020-03-21,2020-11-23,,,2,2020-11-26,Y
2000000139,05000002,95,2019-09-16,2019-08-17,,2020-10-12,,2,2020-10-15,N
2000000140,05000002,96,2020-05-11,2020-04-11,,,,2,2021-03-11,N
2000000141,05000002,97,2019-10-21,2019-09-21,,2020-10-12,,2,2020-10-15,N
2000000142,05000002,98,2019-12-30,2019-11-30,,2020-11-02,,2,2020-11-05,N
2000000143,05000002,99,2020-03-09,2020-02-08,,2021-01-25,,2,2021-01-28,N
2000000144,05000002,100,2019-10-14,2019-09-14,2020-10-12,,,2,2020-10-15,N
2000000145,05000002,101,2019-09-23,2019-08-24,,2020-10-12,,2,2020-10-15,N
2000000146,05000002,102,2020-04-06,2020-03-07,,,2021-03-15,2,2021-03-18,N
2000000147,05000002,103,2020-03-23,2020-02-22,,2020-12-28,,2,2020-12-31,N
2000000148,05000002,104,2020-02-17,2020-01-18,,2020-11-09,,2,2020-11-12,N
2000000149,05000002,105,2019-09-30,2019-08-31,,2020-10-12,,2,2020-10-15,N
2000000150,05000002,106,2019-09-23,2019-08-24,,2020-10-12,,2,2020-10-15,N
2000000151,05000002,107,2019-12-16,2019-11-16,2020-10-26,,,2,2020-10-29,N
2000000152,05000002,108,2019-10-21,2019-09-21,,2020-10-12,,2,2020-10-15,N
2000000153,05000002,109,2020-04-27,2020-03-28,2021-01-18,,,2,2021-01-21,N
2000000154,05000002,110,2019-12-16,2019-11-16,,2020-10-12,,2,2020-10-15,N
2000000155,05000002,111,2020-02-03,2020-01-04,,2021-01-11,,2,2021-01-14,N
2000000156,05000003,1,2019-09-09,2019-08-10,2020-10-19,,,2,2020-10-22,N
2000000157,05000003,2,2020-03-16,2020-02-15,,2020-10-26,,2,2020-10-29,N
2000000158,05000003,3,2019-11-11,2019-10-12,2020-10-19,,,2,2020-10-22,N
2000000159,05000003,4,2019-10-07,2019-09-07,,2020-10-19,,2,2020-10-22,N
2000000160,05000003,5,2020-04-13,2020-03-14,,2021-03-15,,2,2021-03-18,N
2000000161,05000003,6,2020-03-23,2020-02-22,,2021-02-15,,2,2021-02-18,N
2000000162,05000003,7,2019-11-11,2019-10-12,2020-10-19,,,2,2020-10-22,N
2000000163,05000003,8,2020-05-18,2020-04-18,,2021-01-25,,2,2021-01-28,N
2000000164,05000003,9,2019-12-02,2019-11-02,,2020-11-16,,2,2020-11-19,N
2000000165,05000003,10,2020-05-18,2020-04-18,,2021-04-05,,2,2021-04-08,N
2000000166,05000003,11,2019-11-11,2019-10-12,,2020-10-19,,2,2020-10-22,N
2000000167,05000003,12,2020-03-09,2020-02-08,,,,2,2021-01-07,N
2000000168,05000003,13,2019-11-11,2019-10-12,,2020-10-19,,2,2020-10-22,N
2000000169,05000003,14,2019-09-16,2019-08-17,2020-10-19,,,2,2020-10-22,Y
2000000170,05000003,15,2020-06-15,2020-05-16,,2021-01-25,,2,2021-01-28,N
2000000171,05000003,16,2020-05-04,2020-04-04,,2021-02-15,,2,2021-02-18,N
2000000172,05000003,17,2019-11-25,2019-10-26,,2020-10-19,,2,2020-10-22,N
2000000173,05000003,18,2020-05-18,2020-04-18,,2021-04-05,,2,2021-04-08,N
2000000174,05000003,19,2020-01-06,2019-12-07,,2020-11-23,,2,2020-11-26,N
2000000175,05000003,20,2019-11-04,2019-10-05,,2020-10-19,,2,2020-10-22,N
2000000176,05000003,21,2020-02-10,2020-01-11,,2020-10-19,,2,2020-10-22,N
2000000177,05000003,22,2020-01-13,2019-12-14,,2020-10-19,,2,2020-10-22,N
2000000178,05000003,23,2019-11-25,2019-10-26,2020-10-19,,,2,2020-10-22,Y
2000000179,05000003,24,2020-04-27,2020-03-28,,2021-01-18,,2,2021-01-21,N
2000000180,05000003,25,2020-02-03,2020-01-04,,2020-10-19,,2,2020-10-22,N
2000000181,05000003,26,2019-10-07,2019-09-07,,,2020-10-19,2,2020-10-22,N
2000000182,05000003,27,2019-12-30,2019-11-30,,,2020-11-16,2,2020-11-19,N
2000000183,05000003,28,2019-09-16,2019-08-17,,2020-10-19,,2,2020-10-22,N
2000000184,05000003,29,2020-06-15,2020-05-16,,2021-04-26,,2,2021-04-29,N
2000000185,05000003,30,2020-05-04,2020-04-04,2020-12-21,,,2,2020-12-24,N
2000000186,05000003,31,2019-12-09,2019-11-09,,2020-10-19,,2,2020-10-22,N
2000000187,05000003,32,2020-01-20,2019-12-21,,,2020-10-19,2,2020-10-22,N
2000000188,05000003,33,2020-01-13,2019-12-14,,,,2,2020-10-22,N
2000000189,05000003,34,2019-11-04,2019-10-05,2020-10-19,,,2,2020-10-22,N
2000000190,05000003,35,2020-04-13,2020-03-14,,2020-12-14,,2,2020-12-17,N
2000000191,05000003,36,2019-12-30,2019-11-30,,2020-10-19,,2,2020-10-22,N
2000000192,05000003,37,2020-01-27,2019-12-28,2020-12-07,,,2,2020-12-10,N
2000000193,05000003,38,2020-03-02,2020-02-01,,2021-01-25,,2,2021-01-28,N
2000000194,05000003,39,2019-11-04,2019-10-05,,2020-10-19,,2,2020-10-22,Y
2000000195,05000003,40,2019-10-14,2019-09-14,2020-10-19,,,2,2020-10-22,N
2000000196,05000003,41,2020-01-20,2019-12-21,,2020-10-19,,2,2020-10-22,N
2000000197,05000003,42,2020-03-30,2020-02-29,,2021-03-01,,2,2021-03-04,N
2000000198,05000003,43,2019-11-11,2019-10-12,,2020-10-19,,2,2020-10-22,N
2000000199,05000003,44,2020-05-18,2020-04-18,,2021-03-08,,2,2021-03-11,N
2000000200,05000003,45,2020-06-01,2020-05-02,,2021-04-12,,2,2021-04-15,N
2000000201,05000003,46,2019-10-21,2019-09-21,,2020-10-19,,2,2020-10-22,N
2000000202,05000003,47,2020-01-27,2019-12-28,,2020-10-19,,2,2020-10-22,N
2000000203,05000003,48,2020-05-18,2020-04-18,,2020-12-14,,2,2020-12-17,Y
2000000204,05000003,49,2020-02-10,2020-01-11,,2020-10-19,,2,2020-10-22,N
2000000205,05000003,50,2019-10-07,2019-09-07,,2020-10-19,,2,2020-10-22,N
2000000206,05000003,51,2019-09-30,2019-08-31,,2020-10-19,,2,2020-10-22,N
2000000207,05000003,52,2019-11-04,2019-10-05,,,2020-10-19,2,2020-10-22,N
2000000208,05000004,1,2019-09-16,2019-08-17,,2020-09-14,,2,2020-09-17,N
2000000209,05000004,2,2020-01-13,2019-12-14,,2020-09-14,,2,2020-09-17,N
2000000210,05000004,3,2020-06-22,2020-05-23,2021-04-12,,,2,2021-04-15,N
2000000211,05000004,4,2019-10-07,2019-09-07,2020-09-14,,,2,2020-09-17,N
2000000212,05000004,5,2020-02-10,2020-01-11,,2021-01-18,,2,2021-01-21,N
2000000213,05000004,6,2019-09-23,2019-08-24,,2020-09-14,,2,2020-09-17,N
2000000214,05000004,7,2020-01-13,2019-12-14,,2020-10-05,,2,2020-10-08,N
2000000215,05000004,8,2020-06-22,2020-05-23,,2021-06-07,,2,2021-06-10,Y
2000000216,05000004,9,2020-03-16,2020-02-15,,,2020-11-02,2,2020-11-05,N
2000000217,05000004,10,2019-12-16,2019-11-16,,2020-10-05,,2,2020-10-08,N
2000000218,05000004,11,2019-11-11,2019-10-12,,2020-09-14,,2,2020-09-17,N
2000000219,05000004,12,2019-11-04,2019-10-05,,2020-09-14,,2,2020-09-17,N
2000000220,05000004,13,2019-10-14,2019-09-14,,2020-09-14,,2,2020-09-17,N
2000000221,05000004,14,2020-06-22,2020-05-23,,2021-02-22,,2,2021-02-25,N
2000000222,05000004,15,2019-09-30,2019-08-31,,2020-09-14,,2,2020-09-17,N
2000000223,05000004,16,2020-03-09,2020-02-08,,2020-10-12,,2,2020-10-15,N
2000000224,05000004,17,2020-03-16,2020-02-15,,2021-02-22,,2,2021-02-25,N
2000000225,05000004,18,2020-02-17,2020-01-18,,2021-01-18,,2,2021-01-21,N
2000000226,05000004,19,2020-05-18,2020-04-18,,,,2,2021-04-22,N
2000000227,05000004,20,2019-11-25,2019-10-26,,2020-09-14,,2,2020-09-17,N
2000000228,05000004,21,2020-03-09,2020-02-08,2021-02-01,,,2,2021-02-04,Y
2000000229,05000004,22,2019-10-28,2019-09-28,2020-09-14,,,2,2020-09-17,N
2000000230,05000004,23,2020-02-10,2020-01-11,,2020-11-23,,2,2020-11-26,N
2000000231,05000004,24,2020-01-20,2019-12-21,,2020-09-14,,2,2020-09-17,N
2000000232,05000004,25,2020-03-30,2020-02-29,,2020-11-30,,2,2020-12-03,N
2000000233,05000004,26,2020-06-01,2020-05-02,,2021-04-26,,2,2021-04-29,N
2000000234,05000004,27,2019-11-11,2019-10-12,2020-09-14,,,2,2020-09-17,Y
2000000235,05000004,28,2020-05-04,2020-04-04,,2021-04-05,,2,2021-04-08,N
2000000236,05000004,29,2020-01-06,2019-12-07,,,2020-11-30,2,2020-12-03,N
2000000237,05000004,30,2020-06-08,2020-05-09,,2021-04-12,,2,2021-04-15,N
2000000238,05000004,31,2020-01-13,2019-12-14,2020-12-28,,,2,2020-12-31,N
2000000239,05000004,32,2020-01-20,2019-12-21,2020-09-28,,,2,2020-10-01,N
2000000240,05000004,33,2019-10-07,2019-09-07,,2020-09-14,,2,2020-09-17,N
2000000241,05000004,34,2019-10-14,2019-09-14,,2020-09-14,,2,2020-09-17,Y
2000000242,05000004,35,2020-03-30,2020-02-29,,2020-12-07,,2,2020-12-10,N
2000000243,05000004,36,2020-05-11,2020-04-11,2021-03-29,,,2,2021-04-01,N
2000000244,05000004,37,2020-06-01,2020-05-02,,2021-02-15,,2,2021-02-18,N
2000000245,05000004,38,2020-05-25,2020-04-25,,2021-03-29,,2,2021-04-01,Y
2000000246,05000004,39,2020-03-16,2020-02-15,,2020-12-21,,2,2020-12-24,N
2000000247,05000004,40,2020-02-24,2020-01-25,2020-11-30,,,2,2020-12-03,N
2000000248,05000004,41,2019-12-30,2019-11-30,,2020-11-30,,2,2020-12-03,N
2000000249,05000004,42,2020-05-11,2020-04-11,,2020-12-07,,2,2020-12-10,N
2000000250,05000004,43,2020-04-06,2020-03-07,,,,2,2020-11-19,N
2000000251,05000004,44,2020-02-03,2020-01-04,,2020-09-14,,2,2020-09-17,N
2000000252,05000004,45,2020-06-08,2020-05-09,,2021-01-04,,2,2021-01-07,Y
2000000253,05000004,46,2020-03-16,2020-02-15,,,2020-12-28,2,2020-12-31,N
2000000254,05000004,47,2019-11-04,2019-10-05,2020-09-14,,,2,2020-09-17,N
2000000255,05000004,48,2019-09-30,2019-08-31,,2020-09-14,,2,2020-09-17,N
2000000256,05000004,49,2019-10-28,2019-09-28,,2020-09-14,,2,2020-09-17,Y
2000000257,05000004,50,2020-03-09,2020-02-08,2021-01-11,,,2,2021-01-14,Y
2000000258,05000004,51,2020-02-03,2020-01-04,,,,2,2020-12-17,Y
2000000259,05000004,52,2020-06-01,2020-05-02,2021-03-29,,,2,2021-04-01,N
2000000260,05000004,53,2020-03-23,2020-02-22,,2021-02-15,,2,2021-02-18,N
2000000261,05000004,54,2020-02-24,2020-01-25,,2020-11-23,,2,2020-11-26,N
2000000262,05000004,55,2019-11-11,2019-10-12,,2020-09-14,,2,2020-09-17,N
2000000263,05000004,56,2020-02-24,2020-01-25,,2020-11-23,,2,2020-11-26,N
2000000264,05000004,57,2019-09-30,2019-08-31,,2020-09-14,,2,2020-09-17,N
2000000265,05000004,58,2019-11-18,2019-10-19,2020-09-14,,,2,2020-09-17,N
2000000266,05000004,59,2019-09-30,2019-08-31,,2020-09-14,,2,2020-09-17,Y
2000000267,05000004,60,2020-05-25,2020-04-25,,2021-03-29,,2,2021-04-01,N
2000000268,05000004,61,2020-05-11,2020-04-11,,2021-03-08,,2,2021-03-11,N
2000000269,05000004,62,2020-02-24,2020-01-25,,2021-02-08,,2,2021-02-11,N
2000000270,05000004,63,2020-01-13,2019-12-14,,2020-09-14,,2,2020-09-17,N
2000000271,05000004,64,2020-02-17,2020-01-18,,2020-12-14,,2,2020-12-17,N
2000000272,05000004,65,2019-10-28,2019-09-28,2020-10-12,,,2,2020-10-15,N
2000000273,05000004,66,2020-02-03,2020-01-04,,,2020-09-14,2,2020-09-17,N
2000000274,05000004,67,2020-01-13,2019-12-14,,2020-12-28,,2,2020-12-31,N
2000000275,05000004,68,2020-05-18,2020-04-18,,2021-03-01,,2,2021-03-04,N
2000000276,05000004,69,2020-06-22,2020-05-23,,2021-03-22,,2,2021-03-25,N
2000000277,05000004,70,2019-10-07,2019-09-07,,2020-09-14,,2,2020-09-17,N
2000000278,05000004,71,2020-04-13,2020-03-14,,2020-11-09,,2,2020-11-12,Y
2000000279,05000004,72,2020-01-20,2019-12-21,2020-12-07,,,2,2020-12-10,Y
2000000280,05000004,73,2020-01-27,2019-12-28,,2020-11-16,,2,2020-11-19,N
2000000281,05000004,74,2019-11-18,2019-10-19,,,,2,2020-09-17,N
2000000282,05000004,75,2020-06-01,2020-05-02,,2020-12-28,,2,2020-12-31,N
2000000283,05000004,76,2020-02-24,2020-01-25,,2020-09-21,,2,2020-09-24,N
2000000284,05000004,77,2019-11-11,2019-10-12,,2020-10-12,,2,2020-10-15,N
2000000285,05000004,78,2019-11-04,2019-10-05,,2020-09-14,,2,2020-09-17,N
2000000286,05000004,79,2020-04-20,2020-03-21,2021-02-08,,,2,2021-02-11,Y
2000000287,05000004,80,2020-06-08,2020-05-09,,,2021-04-05,2,2021-04-08,N
2000000288,05000004,81,2019-12-23,2019-11-23,,2020-09-14,,2,2020-09-17,N
2000000289,05000004,82,2019-12-02,2019-11-02,,2020-09-14,,2,2020-09-17,N
2000000290,05000004,83,2019-11-25,2019-10-26,,2020-09-14,,2,2020-09-17,N
2000000291,05000004,84,2019-11-18,2019-10-19,,2020-09-14,,2,2020-09-17,N
2000000292,05000004,85,2019-11-25,2019-10-26,,2020-09-14,,2,2020-09-17,N
2000000293,05000004,86,2020-04-13,2020-03-14,2020-11-30,,,2,2020-12-03,Y
2000000294,05000004,87,2019-12-02,2019-11-02,,2020-09-14,,2,2020-09-17,N
2000000295,05000004,88,2019-10-21,2019-09-21,,2020-09-14,,2,2020-09-17,N
2000000296,05000004,89,2020-03-30,2020-02-29,,,,2,2020-11-26,N
2000000297,05000004,90,2020-06-22,2020-05-23,,2021-02-22,,2,2021-02-25,N
2000000298,05000004,91,2019-10-07,2019-09-07,,,2020-09-14,2,2020-09-17,N
2000000299,05000004,92,2020-06-08,2020-05-09,,2021-04-19,,2,2021-04-22,N
2000000300,05000004,93,2020-02-03,2020-01-04,,2020-11-16,,2,2020-11-19,N
2000000301,05000004,94,2020-02-24,2020-01-25,,2020-10-26,,2,2020-10-29,N
2000000302,05000004,95,2019-11-11,2019-10-12,,2020-09-14,,2,2020-09-17,N
2000000303,05000004,96,2020-06-08,2020-05-09,,2021-01-18,,2,2021-01-21,N
2000000304,05000004,97,2020-04-27,2020-03-28,,2021-01-04,,2,2021-01-07,N
2000000305,05000004,98,2020-03-23,2020-02-22,,2021-02-08,,2,2021-02-11,Y
2000000306,05000005,1,2019-09-23,2019-08-24,,2020-08-03,,2,2020-08-06,N
2000000307,05000005,2,2019-12-16,2019-11-16,,,,2,2020-09-17,N
2000000308,05000005,3,2020-02-24,2020-01-25,,2021-01-04,,2,2021-01-07,N
2000000309,05000005,4,2019-12-30,2019-11-30,,,2020-12-14,2,2020-12-17,N
2000000310,05000005,5,2019-11-18,2019-10-19,,2020-10-05,,2,2020-10-08,N
2000000311,05000005,6,2020-06-22,2020-05-23,,2021-05-17,,2,2021-05-20,N
2000000312,05000005,7,2020-05-18,2020-04-18,,2021-01-11,,2,2021-01-14,N
2000000313,05000005,8,2019-09-30,2019-08-31,2020-08-03,,,2,2020-08-06,N
2000000314,05000005,9,2020-02-10,2020-01-11,,2021-01-25,,2,2021-01-28,N
2000000315,05000005,10,2019-11-04,2019-10-05,,,2020-08-10,2,2020-08-13,N
2000000316,05000005,11,2020-06-15,2020-05-16,,2021-03-22,,2,2021-03-25,N
2000000317,05000005,12,2020-02-17,2020-01-18,,2020-10-12,,2,2020-10-15,N
2000000318,05000005,13,2020-04-06,2020-03-07,2020-11-23,,,2,2020-11-26,N
2000000319,05000005,14,2020-02-10,2020-01-11,,2020-12-07,,2,2020-12-10,N
2000000320,05000005,15,2020-01-06,2019-12-07,2020-08-31,,,2,2020-09-03,N
2000000321,05000005,16,2020-02-17,2020-01-18,,2021-01-11,,2,2021-01-14,N
2000000322,05000005,17,2020-05-18,2020-04-18,,2021-02-15,,2,2021-02-18,N
2000000323,05000005,18,2020-01-13,2019-12-14,,2020-12-14,,2,2020-12-17,N
2000000324,05000005,19,2020-04-27,2020-03-28,,2020-12-28,,2,2020-12-31,Y
2000000325,05000005,20,2020-04-27,2020-03-28,2021-02-01,,,2,2021-02-04,N
2000000326,05000005,21,2020-03-16,2020-02-15,,,,2,2021-01-28,N
2000000327,05000005,22,2020-03-23,2020-02-22,,2020-12-21,,2,2020-12-24,N
2000000328,05000005,23,2019-11-18,2019-10-19,,2020-08-31,,2,2020-09-03,N
2000000329,05000005,24,2020-05-25,2020-04-25,,2021-04-05,,2,2021-04-08,N
2000000330,05000005,25,2020-02-24,2020-01-25,,2021-01-11,,2,2021-01-14,N
2000000331,05000005,26,2020-04-20,2020-03-21,,2020-11-16,,2,2020-11-19,N
2000000332,05000005,27,2020-02-03,2020-01-04,,2020-11-16,,2,2020-11-19,N
2000000333,05000005,28,2020-04-06,2020-03-07,,2020-11-30,,2,2020-12-03,N
2000000334,05000005,29,2020-04-06,2020-03-07,,2021-01-04,,2,2021-01-07,N
2000000335,05000005,30,2019-11-11,2019-10-12,,2020-08-31,,2,2020-09-03,N
2000000336,05000005,31,2019-09-30,2019-08-31,2020-08-03,,,2,2020-08-06,N
2000000337,05000005,32,2019-10-21,2019-09-21,2020-09-21,,,2,2020-09-24,N
2000000338,05000005,33,2019-11-18,2019-10-19,,,2020-08-03,2,2020-08-06,N
2000000339,05000005,34,2019-12-16,2019-11-16,,2020-08-10,,2,2020-08-13,N
2000000340,05000005,35,2019-10-28,2019-09-28,2020-08-24,,,2,2020-08-27,Y
2000000341,05000005,36,2020-04-27,2020-03-28,2021-03-01,,,2,2021-03-04,N
2000000342,05000005,37,2019-10-21,2019-09-21,2020-08-03,,,2,2020-08-06,N
2000000343,05000005,38,2020-03-30,2020-02-29,,2020-11-02,,2,2020-11-05,N
2000000344,05000005,39,2019-11-25,2019-10-26,2020-08-03,,,2,2020-08-06,N
2000000345,05000005,40,2019-11-18,2019-10-19,,2020-08-03,,2,2020-08-06,N
2000000346,05000005,41,2020-03-30,2020-02-29,,,,2,2020-11-12,N
2000000347,05000005,42,2020-03-30,2020-02-29,,2020-11-09,,2,2020-11-12,N
2000000348,05000005,43,2019-09-30,2019-08-31,,,,2,2020-09-10,N
2000000349,05000005,44,2019-12-09,2019-11-09,2020-08-03,,,2,2020-08-06,N
2000000350,05000005,45,2020-05-04,2020-04-04,,2021-03-01,,2,2021-03-04,N
2000000351,05000005,46,2020-03-30,2020-02-29,,2020-11-02,,2,2020-11-05,N
2000000352,05000005,47,2019-12-02,2019-11-02,,2020-08-10,,2,2020-08-13,Y
2000000353,05000005,48,2019-10-28,2019-09-28,2020-08-03,,,2,2020-08-06,N
2000000354,05000005,49,2020-04-27,2020-03-28,2021-04-05,,,2,2021-04-08,N
2000000355,05000005,50,2020-03-02,2020-02-01,,2020-10-12,,2,2020-10-15,N
2000000356,05000005,51,2020-05-25,2020-04-25,,,2021-01-11,2,2021-01-14,N
2000000357,05000005,52,2020-02-17,2020-01-18,,2020-11-23,,2,2020-11-26,N
2000000358,05000005,53,2020-06-08,2020-05-09,,2021-01-25,,2,2021-01-28,N
2000000359,05000005,54,2020-03-23,2020-02-22,,,2021-03-08,2,2021-03-11,N
2000000360,05000005,55,2020-04-20,2020-03-21,,2020-12-28,,2,2020-12-31,N
2000000361,05000005,56,2020-04-06,2020-03-07,,,,2,2021-02-25,N
2000000362,05000005,57,2020-03-02,2020-02-01,,2020-10-19,,2,2020-10-22,N
2000000363,05000005,58,2020-03-09,2020-02-08,2020-11-16,,,2,2020-11-19,Y
2000000364,05000005,59,2019-12-09,2019-11-09,,2020-11-23,,2,2020-11-26,N
2000000365,05000005,60,2020-04-27,2020-03-28,,,2021-02-08,2,2021-02-11,N
2000000366,05000005,61,2020-06-29,2020-05-30,,2021-05-03,,2,2021-05-06,N
2000000367,05000005,62,2020-01-13,2019-12-14,,2020-10-05,,2,2020-10-08,Y
2000000368,05000005,63,2020-01-06,2019-12-07,,2020-12-14,,2,2020-12-17,N
2000000369,05000005,64,2019-10-21,2019-09-21,,,2020-08-03,2,2020-08-06,N
2000000370,05000005,65,2020-03-23,2020-02-22,,2020-11-16,,2,2020-11-19,Y
2000000371,05000005,66,2019-11-11,2019-10-12,2020-09-28,,,2,2020-10-01,N
2000000372,05000005,67,2020-04-27,2020-03-28,2021-01-11,,,2,2021-01-14,N
2000000373,05000005,68,2020-03-30,2020-02-29,,2021-01-18,,2,2021-01-21,N
2000000374,05000005,69,2020-02-17,2020-01-18,2021-02-01,,,2,2021-02-04,N
2000000375,05000005,70,2020-01-06,2019-12-07,2020-11-30,,,2,2020-12-03,N
2000000376,05000005,71,2019-12-30,2019-11-30,,2020-10-05,,2,2020-10-08,N
2000000377,05000005,72,2019-12-23,2019-11-23,2020-10-26,,,2,2020-10-29,N
2000000378,05000005,73,2020-03-23,2020-02-22,,,,2,2021-01-21,N
2000000379,05000005,74,2020-02-24,2020-01-25,,2020-11-02,,2,2020-11-05,N
2000000380,05000005,75,2019-11-25,2019-10-26,,,2020-08-03,2,2020-08-06,N
2000000381,05000005,76,2020-03-30,2020-02-29,,2020-12-07,,2,2020-12-10,N
2000000382,05000005,77,2019-11-18,2019-10-19,,2020-08-03,,2,2020-08-06,N
2000000383,05000005,78,2019-12-02,2019-11-02,,2020-08-03,,2,2020-08-06,N
2000000384,05000005,79,2020-03-02,2020-02-01,,,2021-01-25,2,2021-01-28,N
2000000385,05000005,80,2019-10-07,2019-09-07,2020-08-17,,,2,2020-08-20,N
2000000386,05000005,81,2020-03-02,2020-02-01,,2020-09-28,,2,2020-10-01,N
2000000387,05000005,82,2020-03-23,2020-02-22,2021-01-11,,,2,2021-01-14,N
2000000388,05000005,83,2020-03-09,2020-02-08,,2021-01-18,,2,2021-01-21,N
2000000389,05000005,84,2019-10-21,2019-09-21,2020-09-07,,,2,2020-09-10,N
2000000390,05000005,85,2019-11-18,2019-10-19,,2020-10-19,,2,2020-10-22,Y
2000000391,05000005,86,2019-12-23,2019-11-23,,2020-10-12,,2,2020-10-15,Y
2000000392,05000005,87,2020-03-09,2020-02-08,,,2020-10-26,2,2020-10-29,N
2000000393,05000005,88,2020-04-13,2020-03-14,,2021-02-08,,2,2021-02-11,N
2000000394,05000005,89,2020-01-20,2019-12-21,,2020-12-07,,2,2020-12-10,N
2000000395,05000005,90,2020-05-18,2020-04-18,,2020-12-21,,2,2020-12-24,N
2000000396,05000006,1,2019-12-16,2019-11-16,,2021-03-22,,2,2021-03-25,N
2000000397,05000006,2,2020-09-21,2020-08-22,,2021-06-28,,2,2021-07-01,N
2000000398,05000006,3,2020-06-22,2020-05-23,2021-05-31,,,2,2021-06-03,N
2000000399,05000006,4,2020-07-27,2020-06-27,2021-04-26,,,2,2021-04-29,N
2000000400,05000006,5,2020-05-04,2020-04-04,,2021-03-22,,2,2021-03-25,N
2000000401,05000006,6,2020-09-14,2020-08-15,,2021-04-12,,2,2021-04-15,N
2000000402,05000006,7,2020-01-20,2019-12-21,2021-03-22,,,2,2021-03-25,N
2000000403,05000006,8,2020-03-09,2020-02-08,,2021-03-22,,2,2021-03-25,Y
2000000404,05000006,9,2020-09-07,2020-08-08,2021-05-10,,,2,2021-05-13,N
2000000405,05000006,10,2020-05-18,2020-04-18,,2021-03-22,,2,2021-03-25,N
2000000406,05000006,11,2020-04-20,2020-03-21,,2021-03-22,,2,2021-03-25,N
2000000407,05000006,12,2020-03-23,2020-02-22,,2021-03-22,,2,2021-03-25,N
2000000408,05000006,13,2020-04-13,2020-03-14,,,2021-03-22,2,2021-03-25,Y
2000000409,05000006,14,2020-05-04,2020-04-04,,2021-03-22,,2,2021-03-25,N
2000000410,05000006,15,2020-05-18,2020-04-18,,2021-03-22,,2,2021-03-25,N
2000000411,05000006,16,2020-03-16,2020-02-15,,2021-03-22,,2,2021-03-25,N
2000000412,05000006,17,2020-08-17,2020-07-18,,2021-04-19,,2,2021-04-22,N
2000000413,05000006,18,2020-04-13,2020-03-14,,2021-03-22,,2,2021-03-25,N
2000000414,05000006,19,2020-05-11,2020-04-11,,2021-03-22,,2,2021-03-25,N
2000000415,05000006,20,2020-06-29,2020-05-30,,2021-04-12,,2,2021-04-15,N
2000000416,05000006,21,2020-04-20,2020-03-21,,,2021-03-22,2,2021-03-25,N
2000000417,05000006,22,2020-01-20,2019-12-21,,2021-03-22,,2,2021-03-25,Y
2000000418,05000006,23,2020-09-07,2020-08-08,,,2021-07-12,2,2021-07-15,N
2000000419,05000006,24,2020-09-14,2020-08-15,,,,2,2021-05-27,N
2000000420,05000006,25,2020-08-24,2020-07-25,,2021-05-10,,2,2021-05-13,Y
2000000421,05000006,26,2020-06-29,2020-05-30,,2021-05-10,,2,2021-05-13,N
2000000422,05000006,27,2020-05-11,2020-04-11,,2021-03-22,,2,2021-03-25,N
2000000423,05000006,28,2020-09-14,2020-08-15,,2021-04-12,,2,2021-04-15,N
2000000424,05000006,29,2020-07-06,2020-06-06,2021-03-22,,,2,2021-03-25,N
2000000425,05000006,30,2020-08-10,2020-07-11,,2021-05-10,,2,2021-05-13,N
2000000426,05000006,31,2020-03-16,2020-02-15,2021-03-22,,,2,2021-03-25,N
2000000427,05000006,32,2020-02-24,2020-01-25,,2021-03-22,,2,2021-03-25,N
2000000428,05000007,1,2019-12-23,2019-11-23,,2020-12-28,,2,2020-12-31,N
2000000429,05000007,2,2020-08-03,2020-07-04,,2021-05-03,,2,2021-05-06,N
2000000430,05000007,3,2020-03-09,2020-02-08,2020-12-28,,,2,2020-12-31,N
2000000431,05000007,4,2020-03-16,2020-02-15,,2021-01-18,,2,2021-01-21,N
2000000432,05000007,5,2020-01-06,2019-12-07,,2020-12-28,,2,2020-12-31,N
2000000433,05000007,6,2020-06-15,2020-05-16,,2021-05-17,,2,2021-05-20,N
2000000434,05000007,7,2020-09-07,2020-08-08,,2021-06-21,,2,2021-06-24,N
2000000435,05000007,8,2020-02-03,2020-01-04,,,,2,2020-12-31,N
2000000436,05000007,9,2019-12-30,2019-11-30,,,,2,2020-12-31,N
2000000437,05000007,10,2020-02-24,2020-01-25,,2021-01-25,,2,2021-01-28,N
2000000438,05000007,11,2020-08-10,2020-07-11,,2021-03-22,,2,2021-03-25,N
2000000439,05000007,12,2020-09-21,2020-08-22,,2021-07-12,,2,2021-07-15,N
2000000440,05000007,13,2020-03-09,2020-02-08,,,2020-12-28,2,2020-12-31,N
2000000441,05000007,14,2020-05-04,2020-04-04,,2021-03-22,,2,2021-03-25,N
2000000442,05000007,15,2020-01-13,2019-12-14,2020-12-28,,,2,2020-12-31,N
2000000443,05000007,16,2020-01-20,2019-12-21,,,2020-12-28,2,2020-12-31,N
2000000444,05000007,17,2020-09-28,2020-08-29,,2021-07-26,,2,2021-07-29,N
2000000445,05000007,18,2020-05-11,2020-04-11,,2021-01-11,,2,2021-01-14,Y
2000000446,05000007,19,2020-02-24,2020-01-25,2020-12-28,,,2,2020-12-31,N
2000000447,05000007,20,2020-08-31,2020-08-01,,2021-04-26,,2,2021-04-29,N
2000000448,05000007,21,2020-06-29,2020-05-30,,,2021-03-01,2,2021-03-04,N
2000000449,05000007,22,2020-06-29,2020-05-30,2021-03-01,,,2,2021-03-04,N
2000000450,05000007,23,2020-09-07,2020-08-08,,2021-04-26,,2,2021-04-29,N
2000000451,05000007,24,2020-01-13,2019-12-14,,,,2,2020-12-31,N
2000000452,05000007,25,2020-09-28,2020-08-29,2021-08-02,,,2,2021-08-05,N
2000000453,05000007,26,2020-07-27,2020-06-27,,,,2,2021-04-29,Y
2000000454,05000007,27,2020-06-15,2020-05-16,,2021-05-17,,2,2021-05-20,N
2000000455,05000007,28,2020-08-03,2020-07-04,,2021-03-22,,2,2021-03-25,Y
2000000456,05000007,29,2020-04-13,2020-03-14,,2020-12-28,,2,2020-12-31,N
2000000457,05000007,30,2020-02-03,2020-01-04,,2020-12-28,,2,2020-12-31,N
2000000458,05000007,31,2020-07-20,2020-06-20,,2021-05-10,,2,2021-05-13,Y
2000000459,05000007,32,2020-01-27,2019-12-28,2020-12-28,,,2,2020-12-31,N
2000000460,05000007,33,2020-04-20,2020-03-21,2021-04-05,,,2,2021-04-08,N
2000000461,05000007,34,2020-06-01,2020-05-02,,2021-01-18,,2,2021-01-21,N
2000000462,05000007,35,2020-01-06,2019-12-07,,2020-12-28,,2,2020-12-31,N
2000000463,05000007,36,2020-07-20,2020-06-20,,2021-06-28,,2,2021-07-01,N
2000000464,05000007,37,2020-06-08,2020-05-09,,2021-04-26,,2,2021-04-29,N
2000000465,05000007,38,2020-02-03,2020-01-04,,2020-12-28,,2,2020-12-31,N
2000000466,05000007,39,2020-03-30,2020-02-29,,2021-03-15,,2,2021-03-18,N
2000000467,05000007,40,2020-04-27,2020-03-28,,2021-03-01,,2,2021-03-04,N
2000000468,05000007,41,2020-02-17,2020-01-18,,2020-12-28,,2,2020-12-31,N
2000000469,05000007,42,2020-08-17,2020-07-18,,2021-04-19,,2,2021-04-22,N
2000000470,05000007,43,2020-05-04,2020-04-04,,2021-02-01,,2,2021-02-04,N
2000000471,05000007,44,2020-02-17,2020-01-18,,2020-12-28,,2,2020-12-31,N
2000000472,05000007,45,2020-06-08,2020-05-09,,2021-05-17,,2,2021-05-20,N
2000000473,05000007,46,2020-03-16,2020-02-15,,,2021-01-04,2,2021-01-07,N
2000000474,05000007,47,2020-09-28,2020-08-29,,2021-08-09,,2,2021-08-12,N
2000000475,05000007,48,2020-01-20,2019-12-21,,2021-01-04,,2,2021-01-07,N
2000000476,05000007,49,2019-12-30,2019-11-30,2020-12-28,,,2,2020-12-31,N
2000000477,05000007,50,2020-03-02,2020-02-01,2021-01-04,,,2,2021-01-07,N
2000000478,05000007,51,2020-06-15,2020-05-16,,2021-04-19,,2,2021-04-22,N
2000000479,05000007,52,2020-08-10,2020-07-11,,2021-03-22,,2,2021-03-25,N
2000000480,05000007,53,2020-09-28,2020-08-29,,2021-04-26,,2,2021-04-29,N
2000000481,05000007,54,2019-12-30,2019-11-30,,2020-12-28,,2,2020-12-31,Y
2000000482,05000007,55,2020-01-13,2019-12-14,,2020-12-28,,2,2020-12-31,N
2000000483,05000007,56,2020-09-14,2020-08-15,,2021-04-26,,2,2021-04-29,N
2000000484,05000007,57,2020-05-25,2020-04-25,2021-02-15,,,2,2021-02-18,N
2000000485,05000007,58,2020-01-06,2019-12-07,,,,2,2020-12-31,N
2000000486,05000007,59,2020-03-30,2020-02-29,,2020-12-28,,2,2020-12-31,N
2000000487,05000007,60,2020-03-09,2020-02-08,,2020-12-28,,2,2020-12-31,N
2000000488,05000007,61,2020-05-11,2020-04-11,,2021-04-26,,2,2021-04-29,N
2000000489,05000007,62,2020-01-13,2019-12-14,,2020-12-28,,2,2020-12-31,N
2000000490,05000007,63,2020-03-02,2020-02-01,,2021-01-11,,2,2021-01-14,N
2000000491,05000007,64,2020-08-31,2020-08-01,2021-08-02,,,2,2021-08-05,N
2000000492,05000007,65,2020-08-17,2020-07-18,,2021-06-14,,2,2021-06-17,N
2000000493,05000007,66,2020-05-25,2020-04-25,,2021-02-08,,2,2021-02-11,N
2000000494,05000007,67,2020-09-14,2020-08-15,,2021-04-19,,2,2021-04-22,N
2000000495,05000007,68,2020-06-15,2020-05-16,,2021-04-12,,2,2021-04-15,N
2000000496,05000007,69,2020-02-17,2020-01-18,,2020-12-28,,2,2020-12-31,N
2000000497,05000007,70,2020-08-10,2020-07-11,2021-04-05,,,2,2021-04-08,N
2000000498,05000008,1,2020-01-06,2019-12-07,,2020-11-09,,2,2020-11-12,N
2000000499,05000008,2,2020-10-05,2020-09-05,,2021-07-19,,2,2021-07-22,N
2000000500,05000008,3,2020-03-30,2020-02-29,,2020-11-09,,2,2020-11-12,N
2000000501,05000008,4,2020-08-17,2020-07-18,,,,2,2021-07-08,N
2000000502,05000008,5,2020-04-20,2020-03-21,2021-03-01,,,2,2021-03-04,N
2000000503,05000008,6,2020-06-08,2020-05-09,,,2021-01-11,2,2021-01-14,N
2000000504,05000008,7,2020-07-27,2020-06-27,,2021-06-28,,2,2021-07-01,N
2000000505,05000008,8,2020-03-09,2020-02-08,,2021-02-08,,2,2021-02-11,N
2000000506,05000008,9,2020-07-20,2020-06-20,,2021-05-31,,2,2021-06-03,N
2000000507,05000008,10,2020-08-17,2020-07-18,,2021-06-28,,2,2021-07-01,N
2000000508,05000008,11,2020-02-03,2020-01-04,,2021-01-18,,2,2021-01-21,N
2000000509,05000008,12,2020-06-15,2020-05-16,,2021-05-10,,2,2021-05-13,N
2000000510,05000008,13,2020-05-25,2020-04-25,,2021-03-08,,2,2021-03-11,N
2000000511,05000008,14,2020-06-08,2020-05-09,,2021-04-05,,2,2021-04-08,N
2000000512,05000008,15,2020-08-10,2020-07-11,,,2021-04-12,2,2021-04-15,N
2000000513,05000008,16,2020-10-12,2020-09-12,,2021-05-24,,2,2021-05-27,Y
2000000514,05000008,17,2020-09-07,2020-08-08,2021-05-17,,,2,2021-05-20,N
2000000515,05000008,18,2020-08-24,2020-07-25,,2021-07-12,,2,2021-07-15,N
2000000516,05000008,19,2020-03-16,2020-02-15,,2021-02-08,,2,2021-02-11,N
2000000517,05000008,20,2020-04-27,2020-03-28,,2021-03-08,,2,2021-03-11,N
2000000518,05000008,21,2020-02-17,2020-01-18,,2020-11-16,,2,2020-11-19,N
2000000519,05000008,22,2020-06-22,2020-05-23,,2021-01-18,,2,2021-01-21,N
2000000520,05000008,23,2020-08-24,2020-07-25,,,2021-06-07,2,2021-06-10,N
2000000521,05000008,24,2020-06-22,2020-05-23,2021-05-03,,,2,2021-05-06,N
2000000522,05000008,25,2020-04-06,2020-03-07,,2021-03-01,,2,2021-03-04,N
2000000523,05000008,26,2020-06-29,2020-05-30,,2021-04-05,,2,2021-04-08,N
2000000524,05000008,27,2020-07-06,2020-06-06,,2021-03-08,,2,2021-03-11,N
2000000525,05000008,28,2020-10-12,2020-09-12,,2021-06-21,,2,2021-06-24,N
2000000526,05000008,29,2020-04-20,2020-03-21,2020-12-28,,,2,2020-12-31,Y
2000000527,05000008,30,2020-09-21,2020-08-22,,2021-05-10,,2,2021-05-13,N
2000000528,05000008,31,2020-04-20,2020-03-21,,2020-12-07,,2,2020-12-10,Y
2000000529,05000008,32,2020-02-17,2020-01-18,,2020-11-09,,2,2020-11-12,N
2000000530,05000008,33,2020-01-20,2019-12-21,,2020-11-16,,2,2020-11-19,N
2000000531,05000008,34,2020-06-01,2020-05-02,,2021-02-08,,2,2021-02-11,N
2000000532,05000008,35,2020-07-06,2020-06-06,,,2021-02-01,2,2021-02-04,N
2000000533,05000008,36,2020-05-04,2020-04-04,,2021-03-08,,2,2021-03-11,N
2000000534,05000008,37,2020-04-13,2020-03-14,,2021-03-08,,2,2021-03-11,N
2000000535,05000008,38,2020-04-13,2020-03-14,,2020-11-23,,2,2020-11-26,N
2000000536,05000008,39,2020-03-02,2020-02-01,,2020-11-09,,2,2020-11-12,N
2000000537,05000008,40,2020-01-13,2019-12-14,2020-11-09,,,2,2020-11-12,N
2000000538,05000008,41,2020-02-10,2020-01-11,,,2020-11-30,2,2020-12-03,Y
2000000539,05000008,42,2020-09-14,2020-08-15,,2021-08-09,,2,2021-08-12,N
2000000540,05000008,43,2020-07-13,2020-06-13,,2021-04-19,,2,2021-04-22,N
2000000541,05000008,44,2020-04-06,2020-03-07,2020-11-09,,,2,2020-11-12,N
2000000542,05000008,45,2020-09-14,2020-08-15,,2021-08-09,,2,2021-08-12,N
2000000543,05000008,46,2020-03-16,2020-02-15,,2021-01-11,,2,2021-01-14,N
2000000544,05000008,47,2020-08-17,2020-07-18,,2021-04-12,,2,2021-04-15,N
2000000545,05000008,48,2020-02-17,2020-01-18,2020-11-09,,,2,2020-11-12,N
2000000546,05000008,49,2020-07-27,2020-06-27,,2021-07-12,,2,2021-07-15,N
2000000547,05000008,50,2020-03-30,2020-02-29,,2020-11-09,,2,2020-11-12,N
2000000548,05000008,51,2020-03-02,2020-02-01,,,2020-11-09,2,2020-11-12,N
2000000549,05000008,52,2020-09-07,2020-08-08,,2021-04-12,,2,2021-04-15,N
2000000550,05000008,53,2020-06-29,2020-05-30,,2021-03-29,,2,2021-04-01,N
2000000551,05000008,54,2020-03-16,2020-02-15,,,2021-01-18,2,2021-01-21,N
2000000552,05000008,55,2020-03-30,2020-02-29,,,,2,2021-03-04,N
2000000553,05000008,56,2020-07-13,2020-06-13,,2021-04-12,,2,2021-04-15,N
2000000554,05000008,57,2020-06-29,2020-05-30,2021-03-29,,,2,2021-04-01,N
2000000555,05000008,58,2020-10-12,2020-09-12,,2021-09-06,,2,2021-09-09,N
2000000556,05000009,1,2020-02-10,2020-01-11,,2021-02-08,,2,2021-02-11,N
2000000557,05000009,2,2020-07-27,2020-06-27,,2021-07-05,,2,2021-07-08,N
2000000558,05000009,3,2020-08-31,2020-08-01,,2021-08-16,,2,2021-08-19,N
2000000559,05000009,4,2020-08-24,2020-07-25,,2021-05-31,,2,2021-06-03,N
2000000560,05000009,5,2020-10-12,2020-09-12,,2021-06-14,,2,2021-06-17,N
2000000561,05000009,6,2020-11-02,2020-10-03,,2021-08-23,,2,2021-08-26,N
2000000562,05000009,7,2020-02-17,2020-01-18,,2021-02-08,,2,2021-02-11,N
2000000563,05000009,8,2020-08-31,2020-08-01,2021-06-14,,,2,2021-06-17,Y
2000000564,05000009,9,2020-07-20,2020-06-20,,2021-05-31,,2,2021-06-03,Y
2000000565,05000009,10,2020-08-31,2020-08-01,,,2021-08-02,2,2021-08-05,N
2000000566,05000009,11,2020-07-20,2020-06-20,,,2021-05-17,2,2021-05-20,Y
2000000567,05000009,12,2020-07-27,2020-06-27,,,2021-05-17,2,2021-05-20,N
2000000568,05000009,13,2020-06-08,2020-05-09,,2021-02-22,,2,2021-02-25,N
2000000569,05000009,14,2020-03-23,2020-02-22,,,2021-02-08,2,2021-02-11,N
2000000570,05000009,15,2020-10-19,2020-09-19,,2021-06-14,,2,2021-06-17,N
2000000571,05000009,16,2020-09-21,2020-08-22,,2021-06-07,,2,2021-06-10,N
2000000572,05000009,17,2020-10-19,2020-09-19,,2021-06-21,,2,2021-06-24,N
2000000573,05000009,18,2020-07-06,2020-06-06,2021-03-08,,,2,2021-03-11,N
2000000574,05000009,19,2020-08-03,2020-07-04,,,2021-05-10,2,2021-05-13,Y
2000000575,05000009,20,2020-03-23,2020-02-22,,2021-02-08,,2,2021-02-11,N
2000000576,05000009,21,2020-06-29,2020-05-30,,2021-04-19,,2,2021-04-22,N
2000000577,05000009,22,2020-03-02,2020-02-01,,2021-02-08,,2,2021-02-11,N
2000000578,05000009,23,2020-06-29,2020-05-30,,2021-04-19,,2,2021-04-22,N
2000000579,05000009,24,2020-07-27,2020-06-27,,,,2,2021-06-03,N
2000000580,05000009,25,2020-06-08,2020-05-09,,2021-03-08,,2,2021-03-11,N
2000000581,05000009,26,2020-08-17,2020-07-18,,2021-03-15,,2,2021-03-18,N
2000000582,05000009,27,2020-09-21,2020-08-22,,2021-04-19,,2,2021-04-22,N
2000000583,05000009,28,2020-07-27,2020-06-27,,,2021-05-10,2,2021-05-13,N
2000000584,05000009,29,2020-03-16,2020-02-15,,2021-02-08,,2,2021-02-11,N
2000000585,05000009,30,2020-06-22,2020-05-23,2021-03-01,,,2,2021-03-04,N
2000000586,05000009,31,2020-04-27,2020-03-28,,2021-02-08,,2,2021-02-11,N
2000000587,05000009,32,2020-09-14,2020-08-15,,2021-07-19,,2,2021-07-22,N
2000000588,05000009,33,2020-03-30,2020-02-29,,2021-02-08,,2,2021-02-11,N
2000000589,05000009,34,2020-03-16,2020-02-15,,2021-02-08,,2,2021-02-11,N
2000000590,05000009,35,2020-10-26,2020-09-26,,2021-08-23,,2,2021-08-26,N
2000000591,05000009,36,2020-05-18,2020-04-18,,,2021-02-08,2,2021-02-11,N
2000000592,05000009,37,2020-06-22,2020-05-23,,2021-02-08,,2,2021-02-11,N
2000000593,05000009,38,2020-02-17,2020-01-18,,2021-02-08,,2,2021-02-11,N
2000000594,05000009,39,2020-03-09,2020-02-08,,2021-02-08,,2,2021-02-11,N
2000000595,05000009,40,2020-06-01,2020-05-02,,2021-03-15,,2,2021-03-18,N
2000000596,05000009,41,2020-02-24,2020-01-25,2021-02-08,,,2,2021-02-11,N
2000000597,05000009,42,2020-03-16,2020-02-15,,,,2,2021-02-11,N
2000000598,05000009,43,2020-04-20,2020-03-21,,,2021-02-08,2,2021-02-11,N
2000000599,05000009,44,2020-07-20,2020-06-20,,2021-05-24,,2,2021-05-27,N
2000000600,05000009,45,2020-10-19,2020-09-19,,2021-09-06,,2,2021-09-09,N
2000000601,05000009,46,2020-06-29,2020-05-30,,2021-05-10,,2,2021-05-13,N
2000000602,05000009,47,2020-05-25,2020-04-25,,2021-04-12,,2,2021-04-15,N
2000000603,05000009,48,2020-10-05,2020-09-05,,2021-07-26,,2,2021-07-29,N
2000000604,05000009,49,2020-11-09,2020-10-10,,2021-09-13,,2,2021-09-16,N
2000000605,05000009,50,2020-04-06,2020-03-07,,,2021-03-15,2,2021-03-18,N
2000000606,05000009,51,2020-04-27,2020-03-28,2021-02-08,,,2,2021-02-11,N
2000000607,05000009,52,2020-03-30,2020-02-29,2021-02-08,,,2,2021-02-11,Y
2000000608,05000009,53,2020-06-01,2020-05-02,,2021-04-26,,2,2021-04-29,Y
2000000609,05000009,54,2020-05-18,2020-04-18,,2021-02-22,,2,2021-02-25,N
2000000610,05000009,55,2020-10-26,2020-09-26,,,,2,2021-06-03,Y
2000000611,05000009,56,2020-02-17,2020-01-18,,,2021-02-08,2,2021-02-11,N
2000000612,05000009,57,2020-03-16,2020-02-15,2021-02-08,,,2,2021-02-11,Y
2000000613,05000009,58,2020-02-17,2020-01-18,,2021-02-08,,2,2021-02-11,N
2000000614,05000009,59,2020-08-10,2020-07-11,,2021-05-03,,2,2021-05-06,N
2000000615,05000009,60,2020-05-18,2020-04-18,,2021-02-08,,2,2021-02-11,Y
2000000616,05000009,61,2020-06-01,2020-05-02,,2021-02-22,,2,2021-02-25,N
2000000617,05000009,62,2020-07-20,2020-06-20,,2021-06-07,,2,2021-06-10,N
2000000618,05000009,63,2020-11-02,2020-10-03,2021-06-21,,,2,2021-06-24,N
2000000619,05000009,64,2020-08-31,2020-08-01,,2021-06-14,,2,2021-06-17,N
2000000620,05000009,65,2020-03-23,2020-02-22,,2021-02-08,,2,2021-02-11,N
2000000621,05000009,66,2020-09-28,2020-08-29,,2021-06-28,,2,2021-07-01,N
2000000622,05000009,67,2020-05-11,2020-04-11,,2021-03-22,,2,2021-03-25,N
2000000623,05000009,68,2020-05-04,2020-04-04,,2021-02-08,,2,2021-02-11,N
2000000624,05000009,69,2020-07-20,2020-06-20,,2021-06-21,,2,2021-06-24,N
2000000625,05000009,70,2020-09-21,2020-08-22,,,,2,2021-08-26,N
2000000626,05000009,71,2020-05-18,2020-04-18,,2021-02-08,,2,2021-02-11,N
2000000627,05000009,72,2020-07-20,2020-06-20,,,,2,2021-04-15,N
2000000628,05000009,73,2020-04-13,2020-03-14,,2021-03-29,,2,2021-04-01,N
2000000629,05000009,74,2020-06-15,2020-05-16,,,2021-03-08,2,2021-03-11,N
2000000630,05000009,75,2020-09-14,2020-08-15,,2021-06-07,,2,2021-06-10,N
2000000631,05000009,76,2020-03-02,2020-02-01,,2021-02-08,,2,2021-02-11,N
2000000632,05000009,77,2020-03-16,2020-02-15,,2021-02-08,,2,2021-02-11,N
2000000633,05000009,78,2020-06-15,2020-05-16,2021-03-29,,,2,2021-04-01,N
2000000634,05000009,79,2020-07-06,2020-06-06,,2021-05-24,,2,2021-05-27,N
2000000635,05000009,80,2020-04-20,2020-03-21,,2021-02-08,,2,2021-02-11,N
2000000636,05000009,81,2020-04-06,2020-03-07,,2021-02-22,,2,2021-02-25,N
2000000637,05000009,82,2020-04-06,2020-03-07,,2021-02-08,,2,2021-02-11,N
2000000638,05000009,83,2020-06-29,2020-05-30,2021-05-31,,,2,2021-06-03,N
2000000639,05000009,84,2020-05-11,2020-04-11,2021-04-26,,,2,2021-04-29,N
2000000640,05000009,85,2020-06-29,2020-05-30,,2021-05-03,,2,2021-05-06,N
2000000641,05000009,86,2020-08-31,2020-08-01,2021-06-28,,,2,2021-07-01,N
2000000642,05000009,87,2020-03-16,2020-02-15,,,2021-02-08,2,2021-02-11,N
2000000643,05000009,88,2020-08-17,2020-07-18,,2021-05-17,,2,2021-05-20,N
2000000644,05000009,89,2020-06-15,2020-05-16,,2021-05-17,,2,2021-05-20,N
2000000645,05000009,90,2020-06-15,2020-05-16,,2021-02-08,,2,2021-02-11,N
2000000646,05000009,91,2020-10-05,2020-09-05,2021-06-14,,,2,2021-06-17,N
2000000647,05000009,92,2020-08-31,2020-08-01,2021-06-21,,,2,2021-06-24,N
2000000648,05000009,93,2020-08-03,2020-07-04,,2021-06-14,,2,2021-06-17,Y
2000000649,05000009,94,2020-06-15,2020-05-16,,2021-02-08,,2,2021-02-11,N
2000000650,05000009,95,2020-09-07,2020-08-08,,,2021-05-10,2,2021-05-13,N
2000000651,05000009,96,2020-09-07,2020-08-08,,2021-07-12,,2,2021-07-15,N
2000000652,05000009,97,2020-03-02,2020-02-01,,2021-02-08,,2,2021-02-11,N
2000000653,05000009,98,2020-04-27,2020-03-28,2021-04-05,,,2,2021-04-08,N
2000000654,05000009,99,2020-07-06,2020-06-06,,2021-04-05,,2,2021-04-08,N
2000000655,05000009,100,2020-05-25,2020-04-25,,2021-04-12,,2,2021-04-15,N
2000000656,05000009,101,2020-03-16,2020-02-15,,2021-02-22,,2,2021-02-25,N
2000000657,05000009,102,2020-03-23,2020-02-22,,2021-02-08,,2,2021-02-11,Y
2000000658,05000009,103,2020-11-16,2020-10-17,,2021-10-04,,2,2021-10-07,N
2000000659,05000009,104,2020-06-08,2020-05-09,,2021-05-03,,2,2021-05-06,N
2000000660,05000009,105,2020-08-31,2020-08-01,2021-08-16,,,2,2021-08-19,N
2000000661,05000009,106,2020-06-08,2020-05-09,,2021-05-03,,2,2021-05-06,N
2000000662,05000009,107,2020-08-10,2020-07-11,,2021-03-29,,2,2021-04-01,N
2000000663,05000009,108,2020-11-16,2020-10-17,,2021-09-06,,2,2021-09-09,N
2000000664,05000009,109,2020-08-31,2020-08-01,,2021-08-09,,2,2021-08-12,N
2000000665,05000009,110,2020-07-20,2020-06-20,,2021-06-28,,2,2021-07-01,Y
2000000666,05000009,111,2020-03-30,2020-02-29,,2021-02-08,,2,2021-02-11,N
2000000667,05000009,112,2020-02-24,2020-01-25,,2021-02-08,,2,2021-02-11,Y
2000000668,05000009,113,2020-05-25,2020-04-25,,,,2,2021-02-11,N
2000000669,05000009,114,2020-04-13,2020-03-14,,2021-02-15,,2,2021-02-18,N
2000000670,05000009,115,2020-07-06,2020-06-06,,2021-06-21,,2,2021-06-24,Y
2000000671,05000009,116,2020-09-14,2020-08-15,,2021-04-12,,2,2021-04-15,N
2000000672,05000009,117,2020-05-11,2020-04-11,,2021-02-08,,2,2021-02-11,N
2000000673,05000009,118,2020-03-02,2020-02-01,,2021-02-08,,2,2021-02-11,N
2000000674,05000009,119,2020-08-17,2020-07-18,2021-03-15,,,2,2021-03-18,N
2000000675,05000009,120,2020-07-13,2020-06-13,,2021-06-14,,2,2021-06-17,N
2000000676,05000009,121,2020-06-01,2020-05-02,,,,2,2021-04-01,Y
2000000677,05000009,122,2020-09-28,2020-08-29,,2021-08-23,,2,2021-08-26,N
2000000678,05000009,123,2020-08-31,2020-08-01,,2021-07-12,,2,2021-07-15,N
2000000679,05000009,124,2020-04-06,2020-03-07,,2021-02-08,,2,2021-02-11,Y
2000000680,05000009,125,2020-09-14,2020-08-15,,2021-08-23,,2,2021-08-26,N
2000000681,05000009,126,2020-03-09,2020-02-08,,2021-02-08,,2,2021-02-11,N
2000000682,05000009,127,2020-08-10,2020-07-11,,2021-07-26,,2,2021-07-29,Y
2000000683,05000010,1,2020-02-24,2020-01-25,,2021-07-12,,2,2021-07-15,N
2000000684,05000010,2,2020-10-19,2020-09-19,,2021-07-12,,2,2021-07-15,N
2000000685,05000010,3,2020-06-29,2020-05-30,,2021-07-12,,2,2021-07-15,N
2000000686,05000010,4,2020-03-16,2020-02-15,,2021-07-12,,2,2021-07-15,N
2000000687,05000010,5,2020-11-30,2020-10-31,,,2021-08-30,2,2021-09-02,N
2000000688,05000010,6,2020-04-27,2020-03-28,,2021-07-12,,2,2021-07-15,N
2000000689,05000010,7,2020-06-01,2020-05-02,,,2021-07-12,2,2021-07-15,N
2000000690,05000010,8,2020-07-13,2020-06-13,2021-07-12,,,2,2021-07-15,N
2000000691,05000010,9,2020-09-28,2020-08-29,,2021-07-12,,2,2021-07-15,N
2000000692,05000010,10,2020-07-20,2020-06-20,,,,2,2021-07-15,N
2000000693,05000010,11,2020-10-05,2020-09-05,,2021-09-13,,2,2021-09-16,N
2000000694,05000010,12,2020-03-30,2020-02-29,,2021-07-12,,2,2021-07-15,N
2000000695,05000010,13,2020-03-02,2020-02-01,,2021-07-12,,2,2021-07-15,N
2000000696,05000010,14,2020-08-17,2020-07-18,,2021-07-12,,2,2021-07-15,N
2000000697,05000010,15,2020-11-30,2020-10-31,,2021-10-25,,2,2021-10-28,N
2000000698,05000010,16,2020-04-20,2020-03-21,,2021-07-12,,2,2021-07-15,N
2000000699,05000010,17,2020-03-16,2020-02-15,,2021-07-12,,2,2021-07-15,N
2000000700,05000010,18,2020-07-20,2020-06-20,,,2021-07-12,2,2021-07-15,Y
2000000701,05000010,19,2020-04-27,2020-03-28,,2021-07-12,,2,2021-07-15,N
2000000702,05000010,20,2020-06-08,2020-05-09,,2021-07-12,,2,2021-07-15,N
2000000703,05000010,21,2020-06-29,2020-05-30,,2021-07-12,,2,2021-07-15,N
2000000704,05000010,22,2020-04-13,2020-03-14,,2021-07-12,,2,2021-07-15,N
2000000705,05000010,23,2020-11-23,2020-10-24,,2021-07-19,,2,2021-07-22,N
2000000706,05000010,24,2020-05-11,2020-04-11,,,,2,2021-07-15,N
2000000707,05000010,25,2020-09-21,2020-08-22,,2021-07-12,,2,2021-07-15,Y
2000000708,05000010,26,2020-07-13,2020-06-13,,2021-07-12,,2,2021-07-15,N
2000000709,05000010,27,2020-07-20,2020-06-20,,2021-07-12,,2,2021-07-15,N
2000000710,05000010,28,2020-05-18,2020-04-18,,2021-07-12,,2,2021-07-15,Y
2000000711,05000010,29,2020-05-11,2020-04-11,,2021-07-12,,2,2021-07-15,N
2000000712,05000010,30,2020-10-05,2020-09-05,,2021-07-12,,2,2021-07-15,N
2000000713,05000010,31,2020-07-27,2020-06-27,,2021-07-12,,2,2021-07-15,N
2000000714,05000010,32,2020-09-14,2020-08-15,,,2021-07-12,2,2021-07-15,N
2000000715,05000010,33,2020-03-16,2020-02-15,,2021-07-12,,2,2021-07-15,N
2000000716,05000011,1,2020-02-24,2020-01-25,,2021-05-10,,2,2021-05-13,Y
2000000717,05000011,2,2020-09-21,2020-08-22,,2021-07-12,,2,2021-07-15,N
2000000718,05000011,3,2020-10-19,2020-09-19,,2021-07-05,,2,2021-07-08,N
2000000719,05000011,4,2020-06-22,2020-05-23,,2021-05-10,,2,2021-05-13,N
2000000720,05000011,5,2020-06-15,2020-05-16,,,,2,2021-05-13,N
2000000721,05000011,6,2020-08-03,2020-07-04,,2021-07-19,,2,2021-07-22,N
2000000722,05000011,7,2020-11-02,2020-10-03,,2021-10-11,,2,2021-10-14,N
2000000723,05000011,8,2020-03-23,2020-02-22,,,2021-05-10,2,2021-05-13,N
2000000724,05000011,9,2020-04-06,2020-03-07,,2021-05-10,,2,2021-05-13,N
2000000725,05000011,10,2020-03-30,2020-02-29,,2021-05-10,,2,2021-05-13,Y
2000000726,05000011,11,2020-11-16,2020-10-17,,2021-06-21,,2,2021-06-24,N
2000000727,05000011,12,2020-03-23,2020-02-22,,2021-05-10,,2,2021-05-13,N
2000000728,05000011,13,2020-07-20,2020-06-20,,2021-05-10,,2,2021-05-13,N
2000000729,05000011,14,2020-10-12,2020-09-12,2021-05-24,,,2,2021-05-27,N
2000000730,05000011,15,2020-04-13,2020-03-14,2021-05-10,,,2,2021-05-13,N
2000000731,05000011,16,2020-08-24,2020-07-25,,2021-05-10,,2,2021-05-13,N
2000000732,05000011,17,2020-06-08,2020-05-09,,2021-05-10,,2,2021-05-13,N
2000000733,05000011,18,2020-06-15,2020-05-16,,2021-05-24,,2,2021-05-27,N
2000000734,05000011,19,2020-04-13,2020-03-14,,2021-05-10,,2,2021-05-13,N
2000000735,05000011,20,2020-09-28,2020-08-29,2021-08-23,,,2,2021-08-26,Y
2000000736,05000011,21,2020-03-02,2020-02-01,,2021-05-10,,2,2021-05-13,N
2000000737,05000011,22,2020-08-10,2020-07-11,,2021-06-28,,2,2021-07-01,N
2000000738,05000011,23,2020-03-02,2020-02-01,2021-05-10,,,2,2021-05-13,N
2000000739,05000011,24,2020-03-23,2020-02-22,,,,2,2021-05-13,N
2000000740,05000011,25,2020-03-16,2020-02-15,,2021-05-10,,2,2021-05-13,N
2000000741,05000011,26,2020-09-07,2020-08-08,,2021-05-10,,2,2021-05-13,N
2000000742,05000011,27,2020-05-04,2020-04-04,,2021-05-10,,2,2021-05-13,N
2000000743,05000011,28,2020-06-01,2020-05-02,,2021-05-10,,2,2021-05-13,N
2000000744,05000011,29,2020-09-07,2020-08-08,,2021-05-17,,2,2021-05-20,N
2000000745,05000011,30,2020-07-20,2020-06-20,,2021-05-10,,2,2021-05-13,N
2000000746,05000011,31,2020-06-22,2020-05-23,,2021-05-10,,2,2021-05-13,N
2000000747,05000011,32,2020-06-08,2020-05-09,,2021-05-10,,2,2021-05-13,N
2000000748,05000011,33,2020-03-09,2020-02-08,2021-05-10,,,2,2021-05-13,N
2000000749,05000011,34,2020-06-15,2020-05-16,,2021-05-10,,2,2021-05-13,N
2000000750,05000011,35,2020-04-06,2020-03-07,,2021-05-10,,2,2021-05-13,N
2000000751,05000011,36,2020-09-28,2020-08-29,,2021-08-16,,2,2021-08-19,N
2000000752,05000011,37,2020-06-22,2020-05-23,,2021-05-10,,2,2021-05-13,N
2000000753,05000011,38,2020-04-27,2020-03-28,,2021-05-10,,2,2021-05-13,N
2000000754,05000011,39,2020-08-24,2020-07-25,,2021-05-10,,2,2021-05-13,Y
2000000755,05000011,40,2020-07-27,2020-06-27,,2021-06-07,,2,2021-06-10,N
2000000756,05000011,41,2020-08-31,2020-08-01,,2021-05-31,,2,2021-06-03,N
2000000757,05000011,42,2020-10-19,2020-09-19,2021-07-05,,,2,2021-07-08,N
2000000758,05000011,43,2020-08-10,2020-07-11,2021-05-31,,,2,2021-06-03,N
2000000759,05000011,44,2020-08-10,2020-07-11,,2021-05-10,,2,2021-05-13,Y
2000000760,05000011,45,2020-06-22,2020-05-23,2021-05-10,,,2,2021-05-13,N
2000000761,05000011,46,2020-03-02,2020-02-01,,2021-05-10,,2,2021-05-13,N
2000000762,05000011,47,2020-11-02,2020-10-03,2021-09-13,,,2,2021-09-16,N
2000000763,05000011,48,2020-04-20,2020-03-21,,,,2,2021-05-13,Y
2000000764,05000011,49,2020-04-27,2020-03-28,,2021-05-10,,2,2021-05-13,N
2000000765,05000011,50,2020-06-29,2020-05-30,,,2021-05-10,2,2021-05-13,N
2000000766,05000011,51,2020-11-23,2020-10-24,,2021-09-13,,2,2021-09-16,N
2000000767,05000011,52,2020-03-09,2020-02-08,,2021-05-10,,2,2021-05-13,N
2000000768,05000011,53,2020-03-02,2020-02-01,,2021-05-10,,2,2021-05-13,N
2000000769,05000011,54,2020-04-13,2020-03-14,,2021-05-10,,2,2021-05-13,N
2000000770,05000011,55,2020-06-22,2020-05-23,,2021-05-10,,2,2021-05-13,N
2000000771,05000011,56,2020-10-19,2020-09-19,,2021-08-09,,2,2021-08-12,N
2000000772,05000011,57,2020-03-16,2020-02-15,,2021-05-10,,2,2021-05-13,N
2000000773,05000011,58,2020-11-16,2020-10-17,,2021-09-20,,2,2021-09-23,N
2000000774,05000012,1,2020-04-13,2020-03-14,,2021-07-26,,2,2021-07-29,N
2000000775,05000012,2,2020-10-19,2020-09-19,2021-08-02,,,2,2021-08-05,N
2000000776,05000012,3,2020-10-26,2020-09-26,,2021-07-26,,2,2021-07-29,N
2000000777,05000012,4,2020-11-23,2020-10-24,,2021-08-02,,2,2021-08-05,N
2000000778,05000012,5,2021-01-18,2020-12-19,,2021-12-27,,2,2021-12-30,N
2000000779,05000012,6,2021-01-18,2020-12-19,,2021-11-22,,2,2021-11-25,N
2000000780,05000012,7,2020-07-06,2020-06-06,,2021-07-26,,2,2021-07-29,N
2000000781,05000012,8,2020-11-09,2020-10-10,,2021-10-18,,2,2021-10-21,N
2000000782,05000012,9,2020-04-20,2020-03-21,,2021-07-26,,2,2021-07-29,N
2000000783,05000012,10,2020-12-28,2020-11-28,,2021-08-02,,2,2021-08-05,N
2000000784,05000012,11,2020-08-03,2020-07-04,,2021-07-26,,2,2021-07-29,Y
2000000785,05000012,12,2020-09-28,2020-08-29,2021-07-26,,,2,2021-07-29,N
2000000786,05000012,13,2020-06-01,2020-05-02,,2021-07-26,,2,2021-07-29,N
2000000787,05000012,14,2020-09-14,2020-08-15,2021-08-02,,,2,2021-08-05,Y
2000000788,05000012,15,2020-06-01,2020-05-02,,,,2,2021-07-29,N
2000000789,05000012,16,2021-01-11,2020-12-12,,2021-08-09,,2,2021-08-12,N
2000000790,05000012,17,2020-12-07,2020-11-07,2021-10-04,,,2,2021-10-07,N
2000000791,05000012,18,2021-01-18,2020-12-19,,2021-08-23,,2,2021-08-26,N
2000000792,05000012,19,2020-12-21,2020-11-21,,,2021-09-06,2,2021-09-09,Y
2000000793,05000012,20,2020-09-07,2020-08-08,2021-07-26,,,2,2021-07-29,Y
2000000794,05000012,21,2020-08-31,2020-08-01,,2021-07-26,,2,2021-07-29,N
2000000795,05000012,22,2020-08-17,2020-07-18,,2021-07-26,,2,2021-07-29,N
2000000796,05000012,23,2020-08-10,2020-07-11,2021-07-26,,,2,2021-07-29,N
2000000797,05000012,24,2020-05-11,2020-04-11,,,2021-07-26,2,2021-07-29,N
2000000798,05000012,25,2020-08-03,2020-07-04,,2021-07-26,,2,2021-07-29,Y
2000000799,05000012,26,2020-05-04,2020-04-04,,2021-07-26,,2,2021-07-29,N
2000000800,05000012,27,2020-12-14,2020-11-14,,2021-09-13,,2,2021-09-16,N
2000000801,05000012,28,2020-09-28,2020-08-29,,2021-09-06,,2,2021-09-09,N
2000000802,05000012,29,2020-05-25,2020-04-25,2021-07-26,,,2,2021-07-29,N
2000000803,05000012,30,2020-07-06,2020-06-06,,,2021-07-26,2,2021-07-29,N
2000000804,05000012,31,2020-05-04,2020-04-04,,,2021-07-26,2,2021-07-29,N
2000000805,05000012,32,2021-01-04,2020-12-05,,2021-08-16,,2,2021-08-19,N
2000000806,05000012,33,2020-09-07,2020-08-08,,2021-07-26,,2,2021-07-29,N
2000000807,05000012,34,2020-12-07,2020-11-07,,2021-10-04,,2,2021-10-07,Y
2000000808,05000012,35,2020-07-13,2020-06-13,,2021-07-26,,2,2021-07-29,N
2000000809,05000012,36,2020-10-19,2020-09-19,,2021-08-23,,2,2021-08-26,N
2000000810,05000012,37,2020-11-16,2020-10-17,,2021-07-26,,2,2021-07-29,Y
2000000811,05000012,38,2020-07-13,2020-06-13,,2021-07-26,,2,2021-07-29,N
2000000812,05000012,39,2020-11-02,2020-10-03,,2021-07-26,,2,2021-07-29,N
2000000813,05000012,40,2020-11-23,2020-10-24,2021-09-06,,,2,2021-09-09,N
2000000814,05000012,41,2020-09-28,2020-08-29,,,2021-08-16,2,2021-08-19,N
2000000815,05000012,42,2020-11-02,2020-10-03,,2021-08-23,,2,2021-08-26,N
2000000816,05000012,43,2020-10-12,2020-09-12,,2021-07-26,,2,2021-07-29,N
2000000817,05000012,44,2020-10-12,2020-09-12,,2021-07-26,,2,2021-07-29,N
2000000818,05000013,1,2020-04-27,2020-03-28,2021-10-25,,,2,2021-10-28,Y
2000000819,05000013,3,2020-11-09,2020-10-10,,2021-10-25,,2,2021-10-28,N
2000000820,05000013,5,2021-01-11,2020-12-12,,2021-12-27,,2,2021-12-30,Y
2000000821,05000013,7,2020-06-01,2020-05-02,,,2021-10-25,2,2021-10-28,N
2000000822,05000013,9,2020-12-28,2020-11-28,,2021-10-25,,2,2021-10-28,N
2000000823,05000013,11,2020-09-07,2020-08-08,2021-10-25,,,2,2021-10-28,N
2000000824,05000013,13,2021-01-04,2020-12-05,,2021-10-25,,2,2021-10-28,N
2000000825,05000013,15,2020-12-28,2020-11-28,,2021-10-25,,2,2021-10-28,N
2000000826,05000013,17,2020-06-22,2020-05-23,,2021-10-25,,2,2021-10-28,Y
2000000827,05000013,19,2020-05-25,2020-04-25,,,2021-10-25,2,2021-10-28,N
2000000828,05000013,21,2020-11-16,2020-10-17,,2021-10-25,,2,2021-10-28,N
2000000829,05000013,23,2021-01-18,2020-12-19,,,2021-10-25,2,2021-10-28,N
2000000830,05000013,25,2020-09-21,2020-08-22,,2021-10-25,,2,2021-10-28,N
2000000831,05000013,27,2020-08-24,2020-07-25,,2021-10-25,,2,2021-10-28,N
2000000832,05000013,29,2020-07-06,2020-06-06,,2021-10-25,,2,2021-10-28,N
2000000833,05000013,31,2020-07-13,2020-06-13,,2021-10-25,,2,2021-10-28,N
2000000834,05000013,33,2020-08-03,2020-07-04,,2021-10-25,,2,2021-10-28,N
2000000835,05000013,35,2020-07-06,2020-06-06,,2021-10-25,,2,2021-10-28,N
2000000836,05000013,37,2020-12-14,2020-11-14,,2021-10-25,,2,2021-10-28,Y
2000000837,05000013,39,2020-06-08,2020-05-09,,2021-10-25,,2,2021-10-28,N
2000000838,05000013,41,2020-11-09,2020-10-10,,2021-10-25,,2,2021-10-28,N
2000000839,05000013,43,2020-06-22,2020-05-23,,2021-10-25,,2,2021-10-28,N
2000000840,05000013,45,2020-06-01,2020-05-02,,2021-10-25,,2,2021-10-28,N
2000000841,05000013,47,2020-09-07,2020-08-08,,2021-10-25,,2,2021-10-28,N
2000000842,05000013,49,2020-11-02,2020-10-03,,2021-10-25,,2,2021-10-28,N
2000000843,05000013,51,2020-11-09,2020-10-10,,2021-10-25,,2,2021-10-28,N
2000000844,05000013,53,2020-10-12,2020-09-12,,2021-10-25,,2,2021-10-28,N
2000000845,05000013,55,2020-12-14,2020-11-14,,2021-10-25,,2,2021-10-28,N
2000000846,05000013,57,2020-12-28,2020-11-28,2021-11-22,,,2,2021-11-25,N
2000000847,05000013,59,2020-10-12,2020-09-12,,,2021-10-25,2,2021-10-28,N
2000000848,05000013,61,2020-08-17,2020-07-18,2021-10-25,,,2,2021-10-28,N
2000000849,05000013,63,2020-06-08,2020-05-09,,2021-10-25,,2,2021-10-28,N
2000000850,05000013,65,2020-07-20,2020-06-20,,2021-10-25,,2,2021-10-28,Y
2000000851,05000013,67,2020-12-28,2020-11-28,,,2021-11-15,2,2021-11-18,N
2000000852,05000013,69,2020-09-14,2020-08-15,2021-10-25,,,2,2021-10-28,N
2000000853,05000013,71,2020-10-26,2020-09-26,,2021-10-25,,2,2021-10-28,N
2000000854,05000013,73,2020-06-08,2020-05-09,,2021-10-25,,2,2021-10-28,N
2000000855,05000013,75,2020-08-03,2020-07-04,,2021-10-25,,2,2021-10-28,N
2000000856,05000013,77,2020-08-03,2020-07-04,,2021-10-25,,2,2021-10-28,N
2000000857,05000013,79,2020-07-20,2020-06-20,,2021-10-25,,2,2021-10-28,N
2000000858,05000013,81,2020-07-06,2020-06-06,,2021-10-25,,2,2021-10-28,N
2000000859,05000013,83,2020-06-01,2020-05-02,,2021-10-25,,2,2021-10-28,N
2000000860,05000013,85,2020-09-07,2020-08-08,,2021-10-25,,2,2021-10-28,N
2000000861,05000014,2,2021-01-25,2020-12-26,,2021-10-25,,2,2021-10-28,N
2000000862,05000014,4,2020-07-20,2020-06-20,,,2021-10-25,2,2021-10-28,N
2000000863,05000014,6,2020-08-10,2020-07-11,,2021-10-25,,2,2021-10-28,N
2000000864,05000014,8,2020-09-28,2020-08-29,,2021-10-25,,2,2021-10-28,N
2000000865,05000014,10,2020-08-17,2020-07-18,,2021-10-25,,2,2021-10-28,Y
2000000866,05000014,12,2020-10-12,2020-09-12,2021-10-25,,,2,2021-10-28,N
2000000867,05000014,14,2020-11-02,2020-10-03,,2021-10-25,,2,2021-10-28,N
2000000868,05000014,16,2020-06-15,2020-05-16,,,,2,2021-10-28,N
2000000869,05000014,18,2020-05-18,2020-04-18,,2021-10-25,,2,2021-10-28,N
2000000870,05000014,20,2020-12-21,2020-11-21,,2021-10-25,,2,2021-10-28,N
2000000871,05000014,22,2020-09-28,2020-08-29,,2021-10-25,,2,2021-10-28,N
2000000872,05000014,24,2020-10-05,2020-09-05,2021-10-25,,,2,2021-10-28,N
2000000873,05000014,26,2020-06-01,2020-05-02,,2021-10-25,,2,2021-10-28,N
2000000874,05000014,28,2020-08-17,2020-07-18,,2021-10-25,,2,2021-10-28,N
2000000875,05000014,30,2020-05-25,2020-04-25,,2021-10-25,,2,2021-10-28,N
2000000876,05000014,32,2020-11-16,2020-10-17,,2021-10-25,,2,2021-10-28,N
2000000877,05000014,34,2020-12-14,2020-11-14,,2021-10-25,,2,2021-10-28,N
2000000878,05000014,36,2020-06-22,2020-05-23,,2021-10-25,,2,2021-10-28,N
2000000879,05000014,38,2020-12-07,2020-11-07,,2021-10-25,,2,2021-10-28,N
2000000880,05000014,40,2020-09-14,2020-08-15,,2021-10-25,,2,2021-10-28,N
2000000881,05000014,42,2020-12-07,2020-11-07,,2021-10-25,,2,2021-10-28,N
2000000882,05000014,44,2020-06-08,2020-05-09,,2021-10-25,,2,2021-10-28,N
2000000883,05000014,46,2020-06-01,2020-05-02,,2021-10-25,,2,2021-10-28,N
2000000884,05000014,48,2020-12-21,2020-11-21,,2021-10-25,,2,2021-10-28,N
2000000885,05000014,50,2020-07-13,2020-06-13,2021-10-25,,,2,2021-10-28,N
2000000886,05000014,52,2020-08-31,2020-08-01,,2021-10-25,,2,2021-10-28,N
2000000887,05000014,54,2020-06-15,2020-05-16,,2021-10-25,,2,2021-10-28,N
2000000888,05000014,56,2020-11-16,2020-10-17,,,,2,2021-10-28,N
2000000889,05000014,58,2020-07-06,2020-06-06,,2021-10-25,,2,2021-10-28,N
2000000890,05000014,60,2021-01-18,2020-12-19,,2022-01-03,,2,2022-01-06,N
2000000891,05000014,62,2020-11-02,2020-10-03,,2021-10-25,,2,2021-10-28,N
2000000892,05000014,64,2021-02-01,2021-01-02,,2021-10-25,,2,2021-10-28,N
2000000893,05000014,66,2020-09-28,2020-08-29,,2021-10-25,,2,2021-10-28,N
2000000894,05000014,68,2020-08-17,2020-07-18,,,2021-10-25,2,2021-10-28,N
2000000895,05000014,70,2020-07-27,2020-06-27,,2021-10-25,,2,2021-10-28,N
2000000896,05000014,72,2020-08-10,2020-07-11,,2021-10-25,,2,2021-10-28,N
2000000897,05000014,74,2020-10-05,2020-09-05,2021-10-25,,,2,2021-10-28,N
2000000898,05000014,76,2020-12-07,2020-11-07,,2021-10-25,,2,2021-10-28,Y
2000000899,05000014,78,2020-12-14,2020-11-14,,2021-10-25,,2,2021-10-28,Y
2000000900,05000014,80,2020-07-06,2020-06-06,,2021-10-25,,2,2021-10-28,N
2000000901,05000014,82,2020-11-02,2020-10-03,,2021-10-25,,2,2021-10-28,N
2000000902,05000014,84,2020-06-29,2020-05-30,,,,2,2021-10-28,N
2000000903,05000015,1,2020-10-05,2020-09-05,,2021-07-12,,2,2021-07-15,N
2000000904,05000015,2,2021-01-25,2020-12-26,,2021-09-27,,2,2021-09-30,N
2000000905,05000015,3,2020-11-16,2020-10-17,,2021-07-12,,2,2021-07-15,N
2000000906,05000015,4,2020-10-19,2020-09-19,,2021-08-02,,2,2021-08-05,N
2000000907,05000015,5,2020-11-09,2020-10-10,,2021-08-30,,2,2021-09-02,N
2000000908,05000015,6,2020-12-21,2020-11-21,,,,2,2021-10-14,Y
2000000909,05000015,7,2021-05-31,2021-05-01,,2022-03-21,,2,2022-03-24,Y
2000000910,05000015,8,2021-04-12,2021-03-13,,2022-01-24,,2,2022-01-27,N
2000000911,05000016,1,2018-06-04,2018-05-05,,2019-12-16,,2,2019-12-19,N
2000000912,05000016,2,2018-09-24,2018-08-25,,2019-12-16,,2,2019-12-19,N
2000000913,05000016,3,2018-09-03,2018-08-04,,2019-12-16,,2,2019-12-19,N
2000000914,05000016,4,2018-06-11,2018-05-12,,,2019-12-16,2,2019-12-19,N
2000000915,05000016,5,2018-10-08,2018-09-08,,2019-12-16,,2,2019-12-19,N
2000000916,05000016,6,2018-12-03,2018-11-03,,2019-12-16,,2,2019-12-19,N
2000000917,05000016,7,2018-08-13,2018-07-14,,2019-12-16,,2,2019-12-19,N
2000000918,05000016,8,2019-01-28,2018-12-29,,,,2,2019-12-19,N
2000000919,05000016,9,2018-11-05,2018-10-06,2019-12-16,,,2,2019-12-19,N
2000000920,05000016,10,2018-08-06,2018-07-07,,2019-12-16,,2,2019-12-19,N
2000000921,05000016,11,2018-11-26,2018-10-27,,2019-12-16,,2,2019-12-19,N
2000000922,05000016,12,2018-07-23,2018-06-23,,2019-12-16,,2,2019-12-19,N
2000000923,05000016,13,2018-10-01,2018-09-01,,2019-12-16,,2,2019-12-19,N
2000000924,05000016,14,2019-01-07,2018-12-08,,,2019-12-16,2,2019-12-19,N
2000000925,05000016,15,2019-02-11,2019-01-12,,2020-01-06,,2,2020-01-09,N
2000000926,05000016,16,2018-12-17,2018-11-17,,2019-12-16,,2,2019-12-19,N
2000000927,05000016,17,2018-07-23,2018-06-23,,,2019-12-16,2,2019-12-19,N
2000000928,05000016,18,2018-07-23,2018-06-23,,2019-12-16,,2,2019-12-19,N
2000000929,05000016,19,2018-10-22,2018-09-22,,2019-12-16,,2,2019-12-19,N
2000000930,05000016,20,2019-02-18,2019-01-19,,,2020-01-27,2,2020-01-30,N
2000000931,05000016,21,2018-08-06,2018-07-07,,2019-12-16,,2,2019-12-19,N
2000000932,05000016,22,2018-11-12,2018-10-13,,2019-12-16,,2,2019-12-19,N
2000000933,05000016,23,2018-08-20,2018-07-21,,2019-12-16,,2,2019-12-19,N
2000000934,05000016,24,2018-11-05,2018-10-06,,2019-12-16,,2,2019-12-19,N
2000000935,05000016,25,2018-07-02,2018-06-02,,2019-12-16,,2,2019-12-19,N
2000000936,05000016,26,2018-12-03,2018-11-03,,2019-12-16,,2,2019-12-19,N
2000000937,05000016,27,2018-06-18,2018-05-19,,,2019-12-16,2,2019-12-19,N
2000000938,05000016,28,2018-06-25,2018-05-26,,2019-12-16,,2,2019-12-19,N
2000000939,05000016,29,2018-07-02,2018-06-02,,2019-12-16,,2,2019-12-19,N
2000000940,05000016,30,2018-07-23,2018-06-23,,2019-12-16,,2,2019-12-19,N
2000000941,05000016,31,2018-12-31,2018-12-01,,,2019-12-16,2,2019-12-19,N
2000000942,05000016,32,2018-11-19,2018-10-20,,2019-12-16,,2,2019-12-19,N
2000000943,05000016,33,2019-02-04,2019-01-05,,2019-12-16,,2,2019-12-19,N
2000000944,05000016,34,2018-07-09,2018-06-09,2019-12-16,,,2,2019-12-19,Y
2000000945,05000016,35,2018-07-30,2018-06-30,,2019-12-16,,2,2019-12-19,Y
2000000946,05000016,36,2018-06-18,2018-05-19,,2019-12-16,,2,2019-12-19,N
2000000947,05000016,37,2018-09-17,2018-08-18,2019-12-16,,,2,2019-12-19,N
2000000948,05000016,38,2018-06-25,2018-05-26,,2019-12-16,,2,2019-12-19,N
2000000949,05000016,39,2019-03-11,2019-02-09,,,2019-12-16,2,2019-12-19,N
2000000950,05000016,40,2018-06-18,2018-05-19,,2019-12-16,,2,2019-12-19,N
2000000951,05000016,41,2018-11-26,2018-10-27,,2019-12-16,,2,2019-12-19,N
2000000952,05000016,42,2018-07-30,2018-06-30,,2019-12-16,,2,2019-12-19,N
2000000953,05000016,43,2018-07-23,2018-06-23,,,,2,2019-12-19,N
2000000954,05000016,44,2018-06-18,2018-05-19,,2019-12-16,,2,2019-12-19,N
2000000955,05000016,45,2018-11-19,2018-10-20,,2019-12-16,,2,2019-12-19,Y
2000000956,05000016,46,2019-02-18,2019-01-19,,2019-12-16,,2,2019-12-19,N
2000000957,05000016,47,2018-11-12,2018-10-13,,2019-12-16,,2,2019-12-19,N
2000000958,05000016,48,2018-06-11,2018-05-12,,2019-12-16,,2,2019-12-19,N
2000000959,05000016,49,2018-11-19,2018-10-20,,2019-12-16,,2,2019-12-19,N
2000000960,05000016,50,2018-09-10,2018-08-11,,2019-12-16,,2,2019-12-19,N
2000000961,05000016,51,2019-02-11,2019-01-12,,2019-12-16,,2,2019-12-19,N
2000000962,05000016,52,2019-02-18,2019-01-19,,,2019-12-16,2,2019-12-19,N
2000000963,05000016,53,2018-12-03,2018-11-03,,,2019-12-16,2,2019-12-19,N
2000000964,05000016,54,2019-01-07,2018-12-08,,2019-12-16,,2,2019-12-19,N
2000000965,05000016,55,2018-12-10,2018-11-10,,2019-12-16,,2,2019-12-19,N
2000000966,05000016,56,2018-11-26,2018-10-27,,2019-12-16,,2,2019-12-19,N
2000000967,05000016,57,2018-07-30,2018-06-30,,,,2,2019-12-19,N
2000000968,05000016,58,2018-07-16,2018-06-16,,2019-12-16,,2,2019-12-19,N
2000000969,05000016,59,2018-12-17,2018-11-17,,2019-12-16,,2,2019-12-19,N
2000000970,05000016,60,2019-02-25,2019-01-26,2020-01-27,,,2,2020-01-30,N
2000000971,05000016,61,2018-11-26,2018-10-27,2019-12-16,,,2,2019-12-19,N
2000000972,05000016,62,2018-06-25,2018-05-26,2019-12-16,,,2,2019-12-19,N
2000000973,05000016,63,2018-10-15,2018-09-15,,2019-12-16,,2,2019-12-19,N
2000000974,05000016,64,2018-08-27,2018-07-28,,2019-12-16,,2,2019-12-19,N
2000000975,05000016,65,2018-07-09,2018-06-09,,2019-12-16,,2,2019-12-19,N
2000000976,05000016,66,2018-12-03,2018-11-03,,2019-12-16,,2,2019-12-19,N
2000000977,05000016,67,2018-12-31,2018-12-01,,2019-12-16,,2,2019-12-19,N
2000000978,05000016,68,2018-12-31,2018-12-01,,2019-12-16,,2,2019-12-19,N
2000000979,05000016,69,2019-02-04,2019-01-05,,,2019-12-16,2,2019-12-19,N
2000000980,05000016,70,2018-06-18,2018-05-19,,2019-12-16,,2,2019-12-19,N
2000000981,05000016,71,2018-10-29,2018-09-29,,2019-12-16,,2,2019-12-19,N
2000000982,05000016,72,2018-12-24,2018-11-24,,2019-12-16,,2,2019-12-19,Y
2000000983,05000016,73,2018-12-03,2018-11-03,,2019-12-16,,2,2019-12-19,Y
2000000984,05000016,74,2018-09-17,2018-08-18,,,2019-12-16,2,2019-12-19,N
2000000985,05000016,75,2018-07-23,2018-06-23,,2019-12-16,,2,2019-12-19,N
2000000986,05000016,76,2018-12-03,2018-11-03,,2019-12-16,,2,2019-12-19,N
2000000987,05000016,77,2019-02-18,2019-01-19,,,2019-12-16,2,2019-12-19,N
2000000988,05000016,78,2018-11-19,2018-10-20,,2019-12-16,,2,2019-12-19,N
2000000989,05000016,79,2018-12-24,2018-11-24,,,2019-12-16,2,2019-12-19,N
2000000990,05000016,80,2018-09-17,2018-08-18,,2019-12-16,,2,2019-12-19,N
2000000991,05000016,81,2019-02-04,2019-01-05,2019-12-16,,,2,2019-12-19,N
2000000992,05000016,82,2018-10-08,2018-09-08,,2019-12-16,,2,2019-12-19,N
2000000993,05000016,83,2018-07-02,2018-06-02,,2019-12-16,,2,2019-12-19,N
2000000994,05000016,84,2018-06-25,2018-05-26,,,2019-12-16,2,2019-12-19,N
2000000995,05000016,85,2018-12-31,2018-12-01,,,,2,2019-12-19,N
2000000996,05000016,86,2018-10-08,2018-09-08,,2019-12-16,,2,2019-12-19,N
2000000997,05000016,87,2018-07-16,2018-06-16,,2019-12-16,,2,2019-12-19,N
2000000998,05000016,88,2018-11-05,2018-10-06,2019-12-16,,,2,2019-12-19,Y
2000000999,05000016,89,2018-11-12,2018-10-13,,2019-12-16,,2,2019-12-19,N
2000001000,05000016,90,2018-08-13,2018-07-14,,,2019-12-16,2,2019-12-19,N
2000001001,05000016,91,2018-09-03,2018-08-04,,2019-12-16,,2,2019-12-19,N
2000001002,05000016,92,2018-06-18,2018-05-19,,2019-12-16,,2,2019-12-19,N
2000001003,05000016,93,2018-09-10,2018-08-11,,2019-12-16,,2,2019-12-19,N
2000001004,05000016,94,2018-09-10,2018-08-11,,2019-12-16,,2,2019-12-19,N
2000001005,05000016,95,2018-06-25,2018-05-26,,2019-12-16,,2,2019-12-19,N
2000001006,05000016,96,2018-10-15,2018-09-15,,2019-12-16,,2,2019-12-19,N
2000001007,05000016,97,2018-12-24,2018-11-24,,2019-12-16,,2,2019-12-19,N
2000001008,05000016,98,2018-08-20,2018-07-21,,2019-12-16,,2,2019-12-19,N
2000001009,05000016,99,2019-01-14,2018-12-15,,2019-12-16,,2,2019-12-19,N
2000001010,05000016,100,2019-03-04,2019-02-02,,2019-12-16,,2,2019-12-19,N
