pcd,pcd2,pcds,lat,long
HX5 9NP,HX5  9NP,HX5 9NP,53.68536692578694,-2.0931223347306633
HX7 4YT,HX7  4YT,HX7 4YT,53.68935801221411,-2.099867059449334
HX4 1ZW,HX4  1ZW,HX4 1ZW,53.68817242991242,-2.093072529915157
HX4 4SQ,HX4  4SQ,HX4 4SQ,53.68758600804878,-2.0919431989324173
HX2 9BW,HX2  9BW,HX2 9BW,53.687170111072376,-2.09558214556325
HX6 9EY,HX6  9EY,HX6 9EY,53.68331339164987,-2.1059362957301073
HX1 0AY,HX1  0AY,HX1 0AY,53.6835998464006,-2.1108449180799025
HX4 5HR,HX4  5HR,HX4 5HR,53.67859896799662,-2.113814336077217
HX1 5HG,HX1  5HG,HX1 5HG,53.71608840041649,-2.089858054538588
HX6 6XQ,HX6  6XQ,HX6 6XQ,53.71609695924561,-2.0898133665636487
HX3 0DZ,HX3  0DZ,HX3 0DZ,53.716350323651824,-2.0857101190398506
HX3 1BP,HX3  1BP,HX3 1BP,53.71681447030165,-2.0877267146352727
HX6 0BR,HX6  0BR,HX6 0BR,53.71610213385162,-2.089840413325657
HX4 0NL,HX4  0NL,HX4 0NL,53.71679562737143,-2.087750130352207
HX3 2DY,HX3  2DY,HX3 2DY,53.715777925246385,-2.089869693215428
HX6 2UQ,HX6  2UQ,HX6 2UQ,53.716528472368864,-2.0886001983179208
HX5 6ED,HX5  6ED,HX5 6ED,53.68421205725809,-2.089211289453785
HX4 7DP,HX4  7DP,HX4 7DP,53.68924385837094,-2.134206282855316
HX5 9AS,HX5  9AS,HX5 9AS,53.68920414894245,-2.134138785258671
HX2 3NJ,HX2  3NJ,HX2 3NJ,53.68420142492644,-2.0892082346266383
HX5 5WZ,HX5  5WZ,HX5 5WZ,53.69170764943744,-2.118083627601585
HX7 5JT,HX7  5JT,HX7 5JT,53.68691959061899,-2.0725466832371584
HX3 4FW,HX3  4FW,HX3 4FW,53.704808083443574,-2.100846234972233
HX7 5AU,HX7  5AU,HX7 5AU,53.70393664417913,-2.105215483095361
HX1 1ET,HX1  1ET,HX1 1ET,53.70289633267419,-2.1072167701315117
HX5 5RL,HX5  5RL,HX5 5RL,53.70008592614952,-2.1005391765054826
HX5 5PW,HX5  5PW,HX5 5PW,53.70084252758747,-2.0995088896599072
HX2 6BZ,HX2  6BZ,HX2 6BZ,53.70023283636612,-2.1019031533156904
HX5 1SE,HX5  1SE,HX5 1SE,53.702399445761074,-2.10361903553258
HX2 5TP,HX2  5TP,HX2 5TP,53.695966411336904,-2.097468168904009
HX2 2RT,HX2  2RT,HX2 2RT,53.70011979083127,-2.098294786028045
HX4 6PF,HX4  6PF,HX4 6PF,53.700133636442395,-2.0991267138333463
HX5 7EL,HX5  7EL,HX5 7EL,53.69911304803693,-2.1067440359153564
HX5 0ED,HX5  0ED,HX5 0ED,53.69911822934597,-2.1067551788059795
HX3 4ZD,HX3  4ZD,HX3 4ZD,53.69949986141744,-2.107160096711592
HX2 9RU,HX2  9RU,HX2 9RU,53.69904163704397,-2.1067407933636226
HX3 4RA,HX3  4RA,HX3 4RA,53.69903319737128,-2.1067072887849005
HX2 0DQ,HX2  0DQ,HX2 0DQ,53.6993291510242,-2.1090456948951823
HX7 1DR,HX7  1DR,HX7 1DR,53.69375974784728,-2.1029198921886247
HX4 8QR,HX4  8QR,HX4 8QR,53.69433968550258,-2.1059360388660395
HX1 4HX,HX1  4HX,HX1 4HX,53.694321719431244,-2.1058678643309134
HX4 5AB,HX4  5AB,HX4 5AB,53.69189175777726,-2.111120796558592
HX5 4ZB,HX5  4ZB,HX5 4ZB,53.69231823427538,-2.110569586783858
HX3 4LZ,HX3  4LZ,HX3 4LZ,53.692298498487354,-2.0972604818527296
HX4 3WF,HX4  3WF,HX4 3WF,53.695649636731275,-2.103230790140062
HX3 4SF,HX3  4SF,HX3 4SF,53.69229924190991,-2.097456020735856
HX6 1LG,HX6  1LG,HX6 1LG,53.6957598780822,-2.1029295003452226
HX4 9PP,HX4  9PP,HX4 9PP,53.69173943903611,-2.1002883504689502
HX5 2DJ,HX5  2DJ,HX5 2DJ,53.692119299198296,-2.0999430833035135
HX6 5ST,HX6  5ST,HX6 5ST,53.6917788157217,-2.100182054979099
HX5 9FQ,HX5  9FQ,HX5 9FQ,53.70782095995522,-2.087606721661278
HX1 0RJ,HX1  0RJ,HX1 0RJ,53.70789786559412,-2.087739439443193
HX2 0EA,HX2  0EA,HX2 0EA,53.707826252259515,-2.0876039490089124
HX4 4SE,HX4  4SE,HX4 4SE,53.71971906075657,-2.0635936277862483
HX3 9LY,HX3  9LY,HX3 9LY,53.707831453071094,-2.087581974430787
HX6 8GE,HX6  8GE,HX6 8GE,53.71965974303932,-2.0635102900781614
HX5 1HA,HX5  1HA,HX5 1HA,53.727547014875405,-2.080885959446899
HX2 2DU,HX2  2DU,HX2 2DU,53.71399225751918,-2.0697133187405887
HX4 5DL,HX4  5DL,HX4 5DL,53.71667229548587,-2.0681108844201086
HX1 4YU,HX1  4YU,HX1 4YU,53.71943178682953,-2.077601301334681
HX6 6SJ,HX6  6SJ,HX6 6SJ,53.714034946653285,-2.067948037923419
HX4 1LL,HX4  1LL,HX4 1LL,53.71404465127539,-2.06795578851532
HX1 8TX,HX1  8TX,HX1 8TX,53.71399334113952,-2.0700410323566993
HX5 1WX,HX5  1WX,HX5 1WX,53.71402979140296,-2.067953498915639
HX3 1HW,HX3  1HW,HX3 1HW,53.71799383024503,-2.083868619501323
HX3 2FX,HX3  2FX,HX3 2FX,53.71845021839354,-2.0843430658655575
HX4 5JJ,HX4  5JJ,HX4 5JJ,53.71686961074725,-2.0851996020195664
HX5 2WG,HX5  2WG,HX5 2WG,53.71667231611715,-2.0729768018768437
HX7 3ZJ,HX7  3ZJ,HX7 3ZJ,53.71643657401495,-2.0815920426660695
HX3 3JH,HX3  3JH,HX3 3JH,53.71784839682657,-2.0757625418307137
HX4 8XW,HX4  8XW,HX4 8XW,53.76091617915308,-1.8880877035024681
HX4 1UA,HX4  1UA,HX4 1UA,53.75696262877389,-1.8887582264870428
HX4 9YW,HX4  9YW,HX4 9YW,53.757003944346984,-1.888784025038514
HX1 6LR,HX1  6LR,HX1 6LR,53.757058909517866,-1.8758073438030303
HX3 2TA,HX3  2TA,HX3 2TA,53.76273621242262,-1.883214114697362
HX4 8LE,HX4  8LE,HX4 8LE,53.76103736370172,-1.8754266392988426
HX7 3FQ,HX7  3FQ,HX7 3FQ,53.75704217736364,-1.8758229051593702
HX6 2EA,HX6  2EA,HX6 2EA,53.76274002161579,-1.8831860439477472
HX6 6PY,HX6  6PY,HX6 6PY,53.75452904239097,-1.8962165576713705
HX1 3NE,HX1  3NE,HX1 3NE,53.75337146814111,-1.8972132801434531
HX3 6RR,HX3  6RR,HX3 6RR,53.75453895580024,-1.8962178114832264
HX4 3PE,HX4  3PE,HX4 3PE,53.753631684136906,-1.8746290327764135
HX1 4BN,HX1  4BN,HX1 4BN,53.75360161422317,-1.8746170412677756
HX5 6RG,HX5  6RG,HX5 6RG,53.753268452501686,-1.8700358085403321
HX3 0SS,HX3  0SS,HX3 0SS,53.75049386716415,-1.8769335776420164
HX4 3LN,HX4  3LN,HX4 3LN,53.750490298926906,-1.8769393502276732
HX2 5AT,HX2  5AT,HX2 5AT,53.75453398415382,-1.8720484356610125
HX6 6AS,HX6  6AS,HX6 6AS,53.75362489624895,-1.874635093660346
HX2 4WD,HX2  4WD,HX2 4WD,53.750493253006276,-1.8769284795028824
HX6 8FQ,HX6  8FQ,HX6 8FQ,53.751754527472926,-1.8797008639060395
HX6 9UT,HX6  9UT,HX6 9UT,53.74998129320512,-1.8784745514271937
HX6 3JH,HX6  3JH,HX6 3JH,53.77814563225325,-1.8782686273757319
HX3 0JD,HX3  0JD,HX3 0JD,53.77311324584089,-1.874981895927109
HX4 4XT,HX4  4XT,HX4 4XT,53.77815284236193,-1.878155638672654
HX4 0WL,HX4  0WL,HX4 0WL,53.77133828826142,-1.8734184564716991
HX5 6SY,HX5  6SY,HX5 6SY,53.77678312707683,-1.8961613366689258
HX7 7TT,HX7  7TT,HX7 7TT,53.77587301861814,-1.9025415511699695
HX2 6SR,HX2  6SR,HX2 6SR,53.78555431009745,-1.935571475140504
HX3 4RX,HX3  4RX,HX3 4RX,53.77673816269038,-1.9238320907269362
HX5 1RR,HX5  1RR,HX5 1RR,53.76827359548142,-1.877273641264234
HX3 8FY,HX3  8FY,HX3 8FY,53.76762313749165,-1.87764029594614
HX7 7TH,HX7  7TH,HX7 7TH,53.76762013185222,-1.8776134775392492
HX4 6LF,HX4  6LF,HX4 6LF,53.76873398238471,-1.879989484974361
HX7 6QJ,HX7  6QJ,HX7 6QJ,53.76757457840605,-1.8776289055269129
HX6 6XU,HX6  6XU,HX6 6XU,53.768385202211626,-1.8784982479027237
HX3 5JR,HX3  5JR,HX3 5JR,53.767579907633674,-1.8776446227395547
HX7 2SW,HX7  2SW,HX7 2SW,53.76110920279477,-1.8876854123493787
HX3 9PB,HX3  9PB,HX3 9PB,53.76113276643278,-1.8876467149944345
HX3 1EP,HX3  1EP,HX3 1EP,53.76112059115792,-1.8876679035280493
HX2 0PG,HX2  0PG,HX2 0PG,53.76173873022133,-1.8881971279951033
HX3 6NG,HX3  6NG,HX3 6NG,53.761785394647895,-1.8881983243731488
HX6 0JU,HX6  0JU,HX6 0JU,53.76142771933148,-1.8913089505432736
HX6 2WY,HX6  2WY,HX6 2WY,53.76043875919818,-1.8926747184943027
HX7 3AF,HX7  3AF,HX7 3AF,53.76030363608749,-1.8915495503244573
HX6 0GY,HX6  0GY,HX6 0GY,53.7602641815179,-1.8915211372210716
HX5 1UU,HX5  1UU,HX5 1UU,53.76029201627245,-1.8915224825439512
HX5 8GW,HX5  8GW,HX5 8GW,53.76064478487996,-1.8924574566332253
HX4 3TS,HX4  3TS,HX4 3TS,53.75914552683977,-1.8907890248903538
HX2 6UB,HX2  6UB,HX2 6UB,53.759265284698564,-1.8914132446294047
HX5 9QN,HX5  9QN,HX5 9QN,53.75928648132297,-1.8901213946622615
HX6 7DD,HX6  7DD,HX6 7DD,53.759613033045405,-1.8888025926890841
HX7 0RQ,HX7  0RQ,HX7 0RQ,53.759586531960366,-1.8887513871597055
HX1 1WS,HX1  1WS,HX1 1WS,53.759589920947754,-1.8887823294438015
HX6 8AH,HX6  8AH,HX6 8AH,53.75978793599163,-1.8890483039162218
HX3 5SJ,HX3  5SJ,HX3 5SJ,53.759756889329495,-1.8890371561153332
HX4 9SD,HX4  9SD,HX4 9SD,53.75965637199582,-1.8825953147231569
HX6 7SS,HX6  7SS,HX6 7SS,53.759787122247054,-1.882555499823038
HX5 0EG,HX5  0EG,HX5 0EG,53.75978827470371,-1.8826068277167007
HX2 8AH,HX2  8AH,HX2 8AH,53.7598754191175,-1.882567155916893
HX3 2BL,HX3  2BL,HX3 2BL,53.7592259052971,-1.8843323314179654
HX7 3HD,HX7  3HD,HX7 3HD,53.75812201034436,-1.885158645773215
HX2 5DE,HX2  5DE,HX2 5DE,53.75928452405331,-1.8843444731192804
HX7 1QY,HX7  1QY,HX7 1QY,53.759305414137714,-1.8843249186266502
HX1 7TU,HX1  7TU,HX1 7TU,53.75824887170863,-1.8846964648883353
HX5 8PW,HX5  8PW,HX5 8PW,53.75824253419764,-1.8847264610914758
HX6 5UA,HX6  5UA,HX6 5UA,53.7584712888764,-1.8843963609770322
HX2 4SP,HX2  4SP,HX2 4SP,53.75904057539489,-1.8859581767744025
HX6 6TN,HX6  6TN,HX6 6TN,53.75929718680947,-1.8843670973322573
HX3 7NT,HX3  7NT,HX3 7NT,53.75935171248172,-1.886118374927887
HX7 8TS,HX7  8TS,HX7 8TS,53.76083750720305,-1.8866814562801146
HX6 7GA,HX6  7GA,HX6 7GA,53.75991630596736,-1.8857031194115403
HX5 9PJ,HX5  9PJ,HX5 9PJ,53.7609618560496,-1.886819363062171
HX7 0XY,HX7  0XY,HX7 0XY,53.7578683613017,-1.8971730135379317
HX7 6PZ,HX7  6PZ,HX7 6PZ,53.75769525696143,-1.8971139492434799
HX7 8JT,HX7  8JT,HX7 8JT,53.75985879939039,-1.8942421384470685
HX5 9LJ,HX5  9LJ,HX5 9LJ,53.75778597174663,-1.8969769119989117
HX6 8XU,HX6  8XU,HX6 8XU,53.7578092212407,-1.897016429844454
HX6 6XZ,HX6  6XZ,HX6 6XZ,53.75667434127847,-1.8870883643646208
HX7 5XT,HX7  5XT,HX7 5XT,53.75623712018806,-1.8869567509681409
HX6 4JU,HX6  4JU,HX6 4JU,53.75661243147485,-1.8877966509574995
HX2 9HD,HX2  9HD,HX2 9HD,53.75843003079539,-1.8858757305030829
HX7 8JX,HX7  8JX,HX7 8JX,53.75628807471132,-1.8876331328270761
HX5 2ZR,HX5  2ZR,HX5 2ZR,53.758251176462146,-1.886024128873831
HX1 2AE,HX1  2AE,HX1 2AE,53.757953729357695,-1.8798187503759773
HX2 7JY,HX2  7JY,HX2 7JY,53.7578096585301,-1.8822111978467375
HX6 4QY,HX6  4QY,HX6 4QY,53.75786314204733,-1.8821611243850573
HX3 8WW,HX3  8WW,HX3 8WW,53.75798214357762,-1.8799179227040623
HX1 9QZ,HX1  9QZ,HX1 9QZ,53.758897115186656,-1.8821902190437443
HX6 6UU,HX6  6UU,HX6 6UU,53.75778950191828,-1.882232208063943
HX6 2GJ,HX6  2GJ,HX6 2GJ,53.75781807702121,-1.8797991177244482
HX6 2XW,HX6  2XW,HX6 2XW,53.75784579453009,-1.8819963485986937
HX4 0AS,HX4  0AS,HX4 0AS,53.75578876095116,-1.89764107312397
HX2 0XS,HX2  0XS,HX2 0XS,53.75576077716428,-1.8975985658137235
HX5 8QZ,HX5  8QZ,HX5 8QZ,53.75587446622956,-1.8968911312374448
HX3 5NZ,HX3  5NZ,HX3 5NZ,53.75759625498394,-1.8933643006106504
HX2 4PA,HX2  4PA,HX2 4PA,53.75717295786779,-1.8974124589855534
HX4 5SW,HX4  5SW,HX4 5SW,53.755769366276354,-1.896922809692731
HX3 5UY,HX3  5UY,HX3 5UY,53.757497066885094,-1.8932697746381344
HX6 9SQ,HX6  9SQ,HX6 9SQ,53.75499777244698,-1.8757435889823955
HX6 3AD,HX6  3AD,HX6 3AD,53.755316834552055,-1.8763540291411642
HX4 5EG,HX4  5EG,HX4 5EG,53.75539501726947,-1.8822491243650692
HX7 2UL,HX7  2UL,HX7 2UL,53.753625727698434,-1.876847824836966
HX5 9RX,HX5  9RX,HX5 9RX,53.752373794812,-1.8869976596169338
HX7 2AF,HX7  2AF,HX7 2AF,53.75371711634544,-1.8752629254636364
HX7 3RQ,HX7  3RQ,HX7 3RQ,53.75298008142619,-1.878462241827269
HX4 7BF,HX4  7BF,HX4 7BF,53.756308547849166,-1.8908023160850114
HX1 5SR,HX1  5SR,HX1 5SR,53.75772110209282,-1.8916898321847042
HX2 7RD,HX2  7RD,HX2 7RD,53.75668353623057,-1.8899270492122298
HX2 7UR,HX2  7UR,HX2 7UR,53.75697732542701,-1.890596317160705
HX2 4JQ,HX2  4JQ,HX2 4JQ,53.757129367073254,-1.8828276072975287
HX2 3ZG,HX2  3ZG,HX2 3ZG,53.757187917436696,-1.882222321568449
HX6 2GE,HX6  2GE,HX6 2GE,53.75753773424995,-1.8858432618483496
HX7 3UY,HX7  3UY,HX7 3UY,53.75721583900535,-1.8822382081461126
HX4 0DR,HX4  0DR,HX4 0DR,53.757197719566484,-1.88219990588629
HX1 0NE,HX1  0NE,HX1 0NE,53.75719980548579,-1.8827412312880345
HX1 6PP,HX1  6PP,HX1 6PP,53.756539760767375,-1.8834713061650183
HX3 8ZZ,HX3  8ZZ,HX3 8ZZ,53.757052977326715,-1.883792990715739
HX7 7LP,HX7  7LP,HX7 7LP,53.75519355941233,-1.89769643376942
HX1 9UU,HX1  9UU,HX1 9UU,53.75517154512264,-1.8976925508176208
HX7 5RT,HX7  5RT,HX7 5RT,53.75518495671779,-1.8976764510328052
HX4 4BU,HX4  4BU,HX4 4BU,53.75784278310633,-1.892858234716617
HX4 7HQ,HX4  7HQ,HX4 7HQ,53.75519886629079,-1.8976268193389048
HX7 6YA,HX7  6YA,HX7 6YA,53.75181120035544,-1.9012201929688382
HX7 0AU,HX7  0AU,HX7 0AU,53.75509488342211,-1.8970461972228359
HX6 8EW,HX6  8EW,HX6 8EW,53.755255518005804,-1.8847677782036372
HX4 5RY,HX4  5RY,HX4 5RY,53.75416445957129,-1.8848735470597004
HX5 9JJ,HX5  9JJ,HX5 9JJ,53.75554488816836,-1.8848812010485927
HX7 6HF,HX7  6HF,HX7 6HF,53.7555318444639,-1.885428239166733
HX1 5QT,HX1  5QT,HX1 5QT,53.755712568775344,-1.8806361656924298
HX7 3GH,HX7  3GH,HX7 3GH,53.75516913639236,-1.886171070320812
HX6 7DN,HX6  7DN,HX6 7DN,53.756900489868464,-1.8865836744256639
HX4 2AS,HX4  2AS,HX4 2AS,53.75380684669961,-1.8879380145950846
HX2 0SA,HX2  0SA,HX2 0SA,53.75447228479205,-1.8871081949646313
HX2 1ZY,HX2  1ZY,HX2 1ZY,53.755376314142815,-1.8883767551801631
HX2 2QQ,HX2  2QQ,HX2 2QQ,53.75549255316528,-1.886923378133049
HX6 2JX,HX6  2JX,HX6 2JX,53.7549464988712,-1.8885446570107272
HX3 8WA,HX3  8WA,HX3 8WA,53.754503026488365,-1.892499754668956
HX4 1QY,HX4  1QY,HX4 1QY,53.753326505520086,-1.891188014276088
HX7 9RJ,HX7  9RJ,HX7 9RJ,53.754507081369546,-1.8925151310143662
HX6 4AP,HX6  4AP,HX6 4AP,53.75412002761851,-1.8915879721446638
HX6 4PT,HX6  4PT,HX6 4PT,53.752510325187124,-1.891131261924202
HX2 7HD,HX2  7HD,HX2 7HD,53.75387530127235,-1.8924231519462784
HX3 7WZ,HX3  7WZ,HX3 7WZ,53.753028685318355,-1.890882049442971
HX5 2NN,HX5  2NN,HX5 2NN,53.75575145853253,-1.9212556314551354
HX6 7EU,HX6  7EU,HX6 7EU,53.75246493796944,-1.9231232138476948
HX2 1ZA,HX2  1ZA,HX2 1ZA,53.75400312599184,-1.921761055178707
HX3 1GN,HX3  1GN,HX3 1GN,53.75399358289788,-1.9217755104819405
HX7 4UL,HX7  4UL,HX7 4UL,53.75397673370717,-1.921838032630615
HX6 8WY,HX6  8WY,HX6 8WY,53.75398281691967,-1.9218665041793235
HX3 1PS,HX3  1PS,HX3 1PS,53.75179566118449,-1.9202058687359
HX1 0FX,HX1  0FX,HX1 0FX,53.75396651998906,-1.9218720710926172
HX4 5QL,HX4  5QL,HX4 5QL,53.749468205676344,-1.913002137022588
HX2 1RJ,HX2  1RJ,HX2 1RJ,53.749419952392245,-1.9129607199024847
HX5 2GH,HX5  2GH,HX5 2GH,53.750432689041666,-1.915132320181809
HX1 2QW,HX1  2QW,HX1 2QW,53.75051149300908,-1.9107479591771062
HX1 6DA,HX1  6DA,HX1 6DA,53.750497215171194,-1.9107288044847475
HX2 4WB,HX2  4WB,HX2 4WB,53.751407261905044,-1.9097844195023599
HX3 1TU,HX3  1TU,HX3 1TU,53.7505103020496,-1.9107608655462665
HX7 5RW,HX7  5RW,HX7 5RW,53.75056489276673,-1.909850730438633
HX2 7NY,HX2  7NY,HX2 7NY,53.75052675415661,-1.9093918947351205
HX5 2YA,HX5  2YA,HX5 2YA,53.750623634926825,-1.9093598361362831
HX7 6SG,HX7  6SG,HX7 6SG,53.75016970088919,-1.9075483047304511
HX1 5ZU,HX1  5ZU,HX1 5ZU,53.77093295332638,-1.9229739631442966
HX6 9WN,HX6  9WN,HX6 9WN,53.77093368601557,-1.9229963496997795
HX4 0JW,HX4  0JW,HX4 0JW,53.770955862675315,-1.922967062109054
HX4 1FT,HX4  1FT,HX4 1FT,53.77097752190262,-1.922813967797245
HX5 8ZN,HX5  8ZN,HX5 8ZN,53.75956413879388,-1.9089097882248078
HX2 9HY,HX2  9HY,HX2 9HY,53.75853697072994,-1.9039528266535948
HX7 7ZS,HX7  7ZS,HX7 7ZS,53.759557618542935,-1.908904238056322
HX1 0XE,HX1  0XE,HX1 0XE,53.759606803808765,-1.9088709238030248
HX3 8PB,HX3  8PB,HX3 8PB,53.75960370472084,-1.908874197917727
HX1 5JJ,HX1  5JJ,HX1 5JJ,53.759495127475795,-1.9111883020726101
HX7 5LZ,HX7  5LZ,HX7 5LZ,53.75958416565832,-1.90888604130787
HX6 5YG,HX6  5YG,HX6 5YG,53.75953340319119,-1.9089719231875237
HX2 1WY,HX2  1WY,HX2 1WY,53.7544419212731,-1.9061568720474757
HX6 5QR,HX6  5QR,HX6 5QR,53.75337164697662,-1.9089387586097597
HX4 6PW,HX4  6PW,HX4 6PW,53.752652146174846,-1.9030168726836048
HX4 7YS,HX4  7YS,HX4 7YS,53.750337067897256,-1.90376676276178
HX4 6QX,HX4  6QX,HX4 6QX,53.75030745722822,-1.9037149904623927
HX6 3QQ,HX6  3QQ,HX6 3QQ,53.748888121810516,-1.9051175099623865
HX2 3AG,HX2  3AG,HX2 3AG,53.748847406917506,-1.9052206815339978
HX1 5GF,HX1  5GF,HX1 5GF,53.74883927202997,-1.9052280491672209
HX3 8QF,HX3  8QF,HX3 8QF,53.74916743360614,-1.9059012852854889
HX5 7LZ,HX5  7LZ,HX5 7LZ,53.75095981703343,-1.9113170573362344
HX3 6SA,HX3  6SA,HX3 6SA,53.75206747087134,-1.9124009823990653
HX4 0YZ,HX4  0YZ,HX4 0YZ,53.75206601413766,-1.9124031295999406
HX7 1TQ,HX7  1TQ,HX7 1TQ,53.75093534358054,-1.9113611954820817
HX4 2UX,HX4  2UX,HX4 2UX,53.752080828676554,-1.9124134892626834
HX5 0DU,HX5  0DU,HX5 0DU,53.751608333168264,-1.911369461058995
HX6 7ZZ,HX6  7ZZ,HX6 7ZZ,53.75166549253521,-1.9151201622070582
HX2 5QD,HX2  5QD,HX2 5QD,53.751913670378926,-1.9144368440628659
HX6 1EG,HX6  1EG,HX6 1EG,53.752024652964884,-1.9164297463275952
HX6 5BX,HX6  5BX,HX6 5BX,53.75193600296011,-1.9159041147083709
HX3 0SL,HX3  0SL,HX3 0SL,53.75240096253779,-1.9162472785713414
HX5 1ZF,HX5  1ZF,HX5 1ZF,53.75121207883182,-1.9136467877469703
HX3 7RL,HX3  7RL,HX3 7RL,53.751915656914676,-1.9158844938493265
HX2 4SZ,HX2  4SZ,HX2 4SZ,53.7519163876412,-1.915885822326847
HX5 4WW,HX5  4WW,HX5 4WW,53.75038798389762,-1.920158921423693
HX5 9ND,HX5  9ND,HX5 9ND,53.75102498141663,-1.920336189146062
HX2 4GU,HX2  4GU,HX2 4GU,53.75105698975896,-1.9190024433971629
HX6 1BA,HX6  1BA,HX6 1BA,53.750225355004034,-1.9186335628062834
HX3 5WF,HX3  5WF,HX3 5WF,53.75099064406686,-1.9167202654364441
HX7 8SA,HX7  8SA,HX7 8SA,53.75136796834247,-1.9175141490637166
HX7 1PQ,HX7  1PQ,HX7 1PQ,53.75136275720712,-1.918268925037066
HX2 9EZ,HX2  9EZ,HX2 9EZ,53.74572599870021,-1.875982323117022
HX5 2PX,HX5  2PX,HX5 2PX,53.747308790543755,-1.8773600296110087
HX5 9UQ,HX5  9UQ,HX5 9UQ,53.74333638785373,-1.878085892582393
HX7 9ZN,HX7  9ZN,HX7 9ZN,53.74261719465664,-1.877829452384846
HX3 1AT,HX3  1AT,HX3 1AT,53.74253774073157,-1.8777209367990315
HX2 7BU,HX2  7BU,HX2 7BU,53.74572678541858,-1.875954974850983
HX4 3XR,HX4  3XR,HX4 3XR,53.742769519057674,-1.8746751690625238
HX3 4LL,HX3  4LL,HX3 4LL,53.74381350218523,-1.8769175313722142
HX6 9RP,HX6  9RP,HX6 9RP,53.738460099141584,-1.879314338623663
HX6 9RL,HX6  9RL,HX6 9RL,53.73904852825029,-1.8795425187564947
HX2 5JS,HX2  5JS,HX2 5JS,53.73842185780847,-1.8798527868635446
HX4 6TY,HX4  6TY,HX4 6TY,53.737986503577,-1.8804497131587175
HX6 6AH,HX6  6AH,HX6 6AH,53.73896400213676,-1.8793621763333042
HX2 9PN,HX2  9PN,HX2 9PN,53.73905361308106,-1.8794317193367913
HX3 2PY,HX3  2PY,HX3 2PY,53.7354389706569,-1.8797328728094662
HX5 7SB,HX5  7SB,HX5 7SB,53.734725328040014,-1.8820543223899677
HX6 0GE,HX6  0GE,HX6 0GE,53.7344940495403,-1.8793971288738114
HX7 4HL,HX7  4HL,HX7 4HL,53.73440783708411,-1.881779424175556
HX1 6EJ,HX1  6EJ,HX1 6EJ,53.73536260769293,-1.8786954811218641
HX3 7LL,HX3  7LL,HX3 7LL,53.735536845532515,-1.8788342815883876
HX5 5BE,HX5  5BE,HX5 5BE,53.74226992465547,-1.879307914035989
HX7 5NX,HX7  5NX,HX7 5NX,53.740943121274576,-1.8808183936025482
HX7 6TW,HX7  6TW,HX7 6TW,53.7409345152203,-1.880829256562964
HX2 9BR,HX2  9BR,HX2 9BR,53.74171646585343,-1.8804254168176953
HX5 0YA,HX5  0YA,HX5 0YA,53.741938056643114,-1.8795759359216424
HX1 6YL,HX1  6YL,HX1 6YL,53.74080068010193,-1.8801195850885213
HX2 0PF,HX2  0PF,HX2 0PF,53.740960593530794,-1.8808266835218423
HX6 5WE,HX6  5WE,HX6 5WE,53.74089526109832,-1.8773413318456122
HX5 6XB,HX5  6XB,HX5 6XB,53.74119445893533,-1.878295693552349
HX6 1BF,HX6  1BF,HX6 1BF,53.74076729398565,-1.8792362339832653
HX6 3HR,HX6  3HR,HX6 3HR,53.738942683850404,-1.881261807489784
HX3 9XS,HX3  9XS,HX3 9XS,53.738963833285005,-1.8812745156755595
HX3 8ZT,HX3  8ZT,HX3 8ZT,53.73931206000493,-1.8785242053929476
HX5 6EW,HX5  6EW,HX5 6EW,53.738979302270735,-1.8811742899846078
HX3 5FL,HX3  5FL,HX3 5FL,53.73728562928621,-1.87455776652196
HX7 7LX,HX7  7LX,HX7 7LX,53.73921219639959,-1.8752369554778718
HX2 2SE,HX2  2SE,HX2 2SE,53.739124903817824,-1.8757026678658504
HX6 8XR,HX6  8XR,HX6 8XR,53.7375436807328,-1.8794274865806888
HX5 6DW,HX5  6DW,HX5 6DW,53.737055382407085,-1.8786558034051664
HX1 7DS,HX1  7DS,HX1 7DS,53.737110596766584,-1.87939374260432
HX5 0ZG,HX5  0ZG,HX5 0ZG,53.73769706512918,-1.8768664538742972
HX1 6BJ,HX1  6BJ,HX1 6BJ,53.73698130167225,-1.877418169391752
HX5 6AY,HX5  6AY,HX5 6AY,53.73718786770568,-1.8762826164995234
HX4 5LZ,HX4  5LZ,HX4 5LZ,53.735929831644434,-1.8760176443519205
HX4 6DD,HX4  6DD,HX4 6DD,53.735953688379844,-1.876029570258029
HX7 0ND,HX7  0ND,HX7 0ND,53.73595498600657,-1.8759803725396025
HX4 7TX,HX4  7TX,HX4 7TX,53.73717434901973,-1.8776879869835381
HX7 0YA,HX7  0YA,HX7 0YA,53.73668215843125,-1.8754790386325584
HX4 7LL,HX4  7LL,HX4 7LL,53.73636062467767,-1.8741216901736972
HX6 7FQ,HX6  7FQ,HX6 7FQ,53.73680301373338,-1.8802346611610772
HX5 3HD,HX5  3HD,HX5 3HD,53.735881532446626,-1.8807434406993218
HX4 8PH,HX4  8PH,HX4 8PH,53.73664759473344,-1.8817083515134139
HX1 1EL,HX1  1EL,HX1 1EL,53.73604482681204,-1.8833633645932513
HX6 8TJ,HX6  8TJ,HX6 8TJ,53.73604922846501,-1.8792339865146177
HX3 1JT,HX3  1JT,HX3 1JT,53.73606076740368,-1.8792080971317628
HX4 9WF,HX4  9WF,HX4 9WF,53.73605037644647,-1.8792320897017418
HX7 9SL,HX7  9SL,HX7 9SL,53.736087906484826,-1.8793143514362636
HX1 8PX,HX1  8PX,HX1 8PX,53.73581802412651,-1.8767623776369124
HX7 4ST,HX7  4ST,HX7 4ST,53.7347870629091,-1.876285171604183
HX3 8BZ,HX3  8BZ,HX3 8BZ,53.734883241815325,-1.8777098893498603
HX1 8WD,HX1  8WD,HX1 8WD,53.73465849338137,-1.8740216215280348
HX1 0DL,HX1  0DL,HX1 0DL,53.73487242656555,-1.8777152510194457
HX7 3BX,HX7  3BX,HX7 3BX,53.7487742004112,-1.8783957063939531
HX7 2XE,HX7  2XE,HX7 2XE,53.749123728954956,-1.8783045348879652
HX7 9RB,HX7  9RB,HX7 9RB,53.74956003549694,-1.8768982076042984
HX2 5DY,HX2  5DY,HX2 5DY,53.747860562580136,-1.8790968897785567
HX7 2PT,HX7  2PT,HX7 2PT,53.74887725918035,-1.879842276163456
HX5 2BY,HX5  2BY,HX5 2BY,53.7481354029875,-1.8799669331735738
HX4 8RJ,HX4  8RJ,HX4 8RJ,53.74902281774436,-1.8764516798567095
HX4 4UR,HX4  4UR,HX4 4UR,53.749490799087795,-1.879151040208616
HX1 6UP,HX1  6UP,HX1 6UP,53.74673702114905,-1.881782014415305
HX1 8AY,HX1  8AY,HX1 8AY,53.74825035673014,-1.880721371751198
HX7 9FE,HX7  9FE,HX7 9FE,53.74667561999448,-1.8838732036264942
HX6 4EJ,HX6  4EJ,HX6 4EJ,53.746767270362184,-1.8817706177790958
HX2 8FA,HX2  8FA,HX2 8FA,53.74649454867698,-1.88323012269238
HX4 8HX,HX4  8HX,HX4 8HX,53.746713049193744,-1.8837832019690237
HX4 2SH,HX4  2SH,HX4 2SH,53.7474121408946,-1.883182557582104
HX1 0FT,HX1  0FT,HX1 0FT,53.74779760564122,-1.8820200481577432
HX4 1DQ,HX4  1DQ,HX4 1DQ,53.73301676778919,-1.877582654818204
HX3 0ET,HX3  0ET,HX3 0ET,53.73386764352203,-1.8763015942100767
HX3 4EE,HX3  4EE,HX3 4EE,53.733437233977845,-1.8757854647416772
HX3 2SG,HX3  2SG,HX3 2SG,53.73386866180616,-1.8762586834200976
HX1 4NR,HX1  4NR,HX1 4NR,53.7336463272844,-1.8762870273206937
HX4 8YF,HX4  8YF,HX4 8YF,53.73386903978893,-1.8763098921464862
HX2 6JG,HX2  6JG,HX2 6JG,53.73386022934134,-1.8710669495580694
HX1 2YA,HX1  2YA,HX1 2YA,53.73515308986218,-1.8726006607022287
HX3 4TN,HX3  4TN,HX3 4TN,53.73290972323707,-1.874169760639037
HX1 6SG,HX1  6SG,HX1 6SG,53.73408711179298,-1.8753174225060214
HX7 6DD,HX7  6DD,HX7 6DD,53.73407204704355,-1.8753250890905326
HX3 3AG,HX3  3AG,HX3 3AG,53.73407514340868,-1.8753168882358295
HX4 5NQ,HX4  5NQ,HX4 5NQ,53.73408309409611,-1.8752355952883761
HX7 3QA,HX7  3QA,HX7 3QA,53.734092155438056,-1.875335748270955
HX4 5FR,HX4  5FR,HX4 5FR,53.73348678620011,-1.8733595069897102
HX5 9PL,HX5  9PL,HX5 9PL,53.73173273377256,-1.8728448137925076
HX4 8PJ,HX4  8PJ,HX4 8PJ,53.73419219781594,-1.882759100109238
HX2 0TJ,HX2  0TJ,HX2 0TJ,53.732716898423135,-1.8756851337411071
HX6 3LR,HX6  3LR,HX6 3LR,53.732757170962614,-1.8801834300071958
HX6 0GR,HX6  0GR,HX6 0GR,53.732736486968975,-1.8801452663588774
HX1 5EU,HX1  5EU,HX1 5EU,53.734204103313566,-1.8826746223111024
HX3 1PZ,HX3  1PZ,HX3 1PZ,53.7258040124297,-2.1203337369979267
HX4 4WR,HX4  4WR,HX4 4WR,53.72695388538478,-2.1166884445785987
HX6 7WR,HX6  7WR,HX6 7WR,53.725831185925465,-2.120514571310595
HX7 5EB,HX7  5EB,HX7 5EB,53.72559119356476,-2.119220031736388
HX7 1XQ,HX7  1XQ,HX7 1XQ,53.72703899677196,-2.122059018318204
HX5 3YW,HX5  3YW,HX5 3YW,53.7256296414272,-2.119234483488343
HX6 3GE,HX6  3GE,HX6 3GE,53.72583194962661,-2.12030797173101
HX2 3NY,HX2  3NY,HX2 3NY,53.71709435433624,-2.085677416102418
HX2 5SB,HX2  5SB,HX2 5SB,53.71887371775377,-2.08997636345041
HX3 4RH,HX3  4RH,HX3 4RH,53.71886598474329,-2.08836127915276
HX6 4HQ,HX6  4HQ,HX6 4HQ,53.71886304323485,-2.0882730226850095
HX6 0YR,HX6  0YR,HX6 0YR,53.71819931244053,-2.0854329395268376
HX1 6SP,HX1  6SP,HX1 6SP,53.71977705029967,-2.0930845938948095
HX4 2FA,HX4  2FA,HX4 2FA,53.71886787351094,-2.0900752257882456
HX6 9XZ,HX6  9XZ,HX6 9XZ,53.720365052067045,-2.0914309182686774
HX4 0TZ,HX4  0TZ,HX4 0TZ,53.719311608537666,-2.097658081487645
HX3 2RS,HX3  2RS,HX3 2RS,53.718334660533316,-2.098543439613895
HX2 1AG,HX2  1AG,HX2 1AG,53.719520665402875,-2.0994044005241648
HX2 6BE,HX2  6BE,HX2 6BE,53.71634363918083,-2.094105084949075
HX5 5NT,HX5  5NT,HX5 5NT,53.71514728583234,-2.0944130241444965
HX3 3DN,HX3  3DN,HX3 3DN,53.71579223395008,-2.094699240797397
HX6 4NR,HX6  4NR,HX6 4NR,53.71587623228235,-2.093945832211197
HX5 5LN,HX5  5LN,HX5 5LN,53.71603584259965,-2.090779036688215
HX6 7DY,HX6  7DY,HX6 7DY,53.71514819161859,-2.094428857507555
HX3 8BX,HX3  8BX,HX3 8BX,53.7127560635943,-2.097748673605599
HX3 2QF,HX3  2QF,HX3 2QF,53.71164686043299,-2.108553228552081
HX3 9FR,HX3  9FR,HX3 9FR,53.711505132565016,-2.107136464607287
HX4 6XY,HX4  6XY,HX4 6XY,53.71292011700155,-2.109711378978281
HX7 9WY,HX7  9WY,HX7 9WY,53.70724590442349,-2.1034211046838656
HX7 4BH,HX7  4BH,HX7 4BH,53.717164959580685,-2.0935673311019367
HX2 0UU,HX2  0UU,HX2 0UU,53.71834358395934,-2.0938979131745623
HX6 9ET,HX6  9ET,HX6 9ET,53.719285209864246,-2.0956536938770536
HX3 7HX,HX3  7HX,HX3 7HX,53.71849281568907,-2.092553599198948
HX2 3LR,HX2  3LR,HX2 3LR,53.71797428851367,-2.0940768878873857
HX4 3QH,HX4  3QH,HX4 3QH,53.718458695296505,-2.09354290134853
HX5 3HP,HX5  3HP,HX5 3HP,53.717588185787534,-2.0994061013338396
HX4 9WZ,HX4  9WZ,HX4 9WZ,53.718844186301915,-2.1003538846427348
HX5 1QZ,HX5  1QZ,HX5 1QZ,53.71774324741411,-2.0979239078506247
HX6 6HB,HX6  6HB,HX6 6HB,53.718184993555376,-2.0995167111753084
HX7 3QP,HX7  3QP,HX7 3QP,53.71770317848058,-2.0990590168004832
HX4 2PP,HX4  2PP,HX4 2PP,53.71888623643915,-2.100198058346044
HX2 0DU,HX2  0DU,HX2 0DU,53.71758926022754,-2.0993658962966806
HX4 4BL,HX4  4BL,HX4 4BL,53.71885351402552,-2.1003719572888406
HX6 0EW,HX6  0EW,HX6 0EW,53.71809623882202,-2.124584887664127
HX7 0GD,HX7  0GD,HX7 0GD,53.72902818448639,-2.144944162842718
HX1 0TT,HX1  0TT,HX1 0TT,53.71875383191928,-2.1338709338121977
HX5 2QA,HX5  2QA,HX5 2QA,53.71771501560252,-2.0972716390912574
HX7 2UH,HX7  2UH,HX7 2UH,53.717730841339126,-2.0972180937119638
HX7 9HG,HX7  9HG,HX7 9HG,53.7177318402057,-2.0972667596048287
HX7 7EJ,HX7  7EJ,HX7 7EJ,53.7194637617522,-2.1127558918922547
HX1 1YE,HX1  1YE,HX1 1YE,53.71732796144662,-2.1049146075010943
HX5 4DR,HX5  4DR,HX5 4DR,53.71566171008726,-2.098353366639717
HX2 2ES,HX2  2ES,HX2 2ES,53.71731826233671,-2.1049382538690335
HX7 3UQ,HX7  3UQ,HX7 3UQ,53.71443930893737,-2.090460646124658
HX1 9HY,HX1  9HY,HX1 9HY,53.71441210686759,-2.0905340848806215
HX6 7HR,HX6  7HR,HX6 7HR,53.71494708415185,-2.0916455237520224
HX6 7PY,HX6  7PY,HX6 7PY,53.71390667148316,-2.083176088391679
HX6 8DU,HX6  8DU,HX6 8DU,53.713888823482186,-2.0831517116046023
HX3 5QY,HX3  5QY,HX3 5QY,53.71424083886567,-2.08615857530205
HX2 4GX,HX2  4GX,HX2 4GX,53.714499781275165,-2.080544000233769
HX2 6PW,HX2  6PW,HX2 6PW,53.71386490753711,-2.083213197014208
HX6 3BA,HX6  3BA,HX6 3BA,53.7138524876711,-2.083203254701312
HX3 7LQ,HX3  7LQ,HX3 7LQ,53.71453389066928,-2.0886857705943003
HX3 3DT,HX3  3DT,HX3 3DT,53.71255679626223,-2.091365598420482
HX3 0PJ,HX3  0PJ,HX3 0PJ,53.71341779844274,-2.0900582729831134
HX7 1FP,HX7  1FP,HX7 1FP,53.71494061384206,-2.093391953530005
HX2 6TP,HX2  6TP,HX2 6TP,53.71433993180018,-2.0944887564573023
HX5 5PL,HX5  5PL,HX5 5PL,53.71421505769122,-2.0951299637221585
HX5 4WY,HX5  4WY,HX5 4WY,53.71479775211631,-2.0925604749830162
HX1 8WF,HX1  8WF,HX1 8WF,53.71244967238305,-2.08890730818553
HX4 2UT,HX4  2UT,HX4 2UT,53.712691557627664,-2.082300127036748
HX1 1JF,HX1  1JF,HX1 1JF,53.71290112899628,-2.0847902820664768
HX6 7DS,HX6  7DS,HX6 7DS,53.713836531586416,-2.0856540288450534
HX3 7ZE,HX3  7ZE,HX3 7ZE,53.70978940944006,-2.0798173423167774
HX4 3AJ,HX4  3AJ,HX4 3AJ,53.709761000685376,-2.0798065906089684
HX3 1LT,HX3  1LT,HX3 1LT,53.70995361162008,-2.0797966947092283
HX2 1YE,HX2  1YE,HX2 1YE,53.71008481371678,-2.0864787862288336
HX6 0PA,HX6  0PA,HX6 0PA,53.70995594585085,-2.079787388488487
HX1 7NQ,HX1  7NQ,HX1 7NQ,53.71127874838432,-2.0827921150447426
HX3 0DY,HX3  0DY,HX3 0DY,53.70992773827403,-2.0797603655761194
HX3 0NQ,HX3  0NQ,HX3 0NQ,53.711843641007256,-2.0789479580663426
HX3 0YX,HX3  0YX,HX3 0YX,53.71215075435676,-2.102275451478737
HX3 5ZT,HX3  5ZT,HX3 5ZT,53.71225094009994,-2.103183418033944
HX5 3PY,HX5  3PY,HX5 3PY,53.70830501550627,-2.0970206234018254
HX3 6RQ,HX3  6RQ,HX3 6RQ,53.715037530851774,-2.105807083966133
HX2 5YH,HX2  5YH,HX2 5YH,53.70874302198274,-2.09384534903472
HX6 6EE,HX6  6EE,HX6 6EE,53.708890887953444,-2.092245582252823
HX6 5XD,HX6  5XD,HX6 5XD,53.70276965751315,-2.0959847095486777
HX5 7RX,HX5  7RX,HX5 7RX,53.70895342028853,-2.0940343969433064
HX4 6PH,HX4  6PH,HX4 6PH,53.70518054416323,-2.0891594772352517
HX1 8NT,HX1  8NT,HX1 8NT,53.70323445909235,-2.1251694067835745
HX5 0QY,HX5  0QY,HX5 0QY,53.703239696919006,-2.125183397630324
HX7 3DH,HX7  3DH,HX7 3DH,53.70630882823278,-2.115557013993612
HX7 3JZ,HX7  3JZ,HX7 3JZ,53.70227750257082,-2.113498237202223
HX6 5FN,HX6  5FN,HX6 5FN,53.70342368274125,-2.106893906124225
HX7 4YX,HX7  4YX,HX7 4YX,53.70496071069745,-2.104919926046533
HX4 0TE,HX4  0TE,HX4 0TE,53.7034224977934,-2.1068762264563365
HX5 0RE,HX5  0RE,HX5 0RE,53.703389887763244,-2.106930903632984
HX2 9AZ,HX2  9AZ,HX2 9AZ,53.70505012991537,-2.1039723743022845
HX7 7YY,HX7  7YY,HX7 7YY,53.734895439092256,-2.1115987957412226
HX6 7UF,HX6  7UF,HX6 7UF,53.73493861260745,-2.1115545410612064
HX7 8QQ,HX7  8QQ,HX7 8QQ,53.73376712218914,-2.0928998174971785
HX4 3UT,HX4  3UT,HX4 3UT,53.74064988323284,-2.1109474797761045
HX5 2HR,HX5  2HR,HX5 2HR,53.73790433320473,-2.1201464424009093
HX7 3GB,HX7  3GB,HX7 3GB,53.736881254637574,-2.1261672301836545
HX3 9PD,HX3  9PD,HX3 9PD,53.73490269210909,-2.1116114720341375
HX1 0ZA,HX1  0ZA,HX1 0ZA,53.73359650797836,-2.140564198921523
HX4 1PQ,HX4  1PQ,HX4 1PQ,53.73667685183787,-2.1370729477927
HX3 5TA,HX3  5TA,HX3 5TA,53.73504654514041,-2.147389563664805
HX5 7RA,HX5  7RA,HX5 7RA,53.730931763980884,-2.141889353614738
HX4 6EN,HX4  6EN,HX4 6EN,53.73200896947667,-2.1444609278875895
HX3 3WD,HX3  3WD,HX3 3WD,53.731068605185754,-2.142019229513307
HX7 9JS,HX7  9JS,HX7 9JS,53.731308521063816,-2.152357477595509
HX5 9ZG,HX5  9ZG,HX5 9ZG,53.73466410552494,-2.155324949992702
HX1 6YR,HX1  6YR,HX1 6YR,53.73129503927785,-2.152270309118666
HX2 3BU,HX2  3BU,HX2 3BU,53.73083595332681,-2.151344869412903
HX7 2JG,HX7  2JG,HX7 2JG,53.73120828454551,-2.1513794768409045
HX1 3JL,HX1  3JL,HX1 3JL,53.729955945704724,-2.1474976061346367
HX2 0NP,HX2  0NP,HX2 0NP,53.73115655575612,-2.1513761053492786
HX6 1QZ,HX6  1QZ,HX6 1QZ,53.732301812645936,-2.145956443032991
HX2 4AU,HX2  4AU,HX2 4AU,53.73171902377719,-2.1491358951823187
HX5 9ZX,HX5  9ZX,HX5 9ZX,53.73001700727352,-2.1348760554210173
HX5 5RX,HX5  5RX,HX5 5RX,53.73162109971871,-2.134299315033657
HX6 0FP,HX6  0FP,HX6 0FP,53.73405282421706,-2.1310185383573033
HX7 2XS,HX7  2XS,HX7 2XS,53.72998274916559,-2.135932395227589
HX1 0HT,HX1  0HT,HX1 0HT,53.72933706583531,-2.1303516630426675
HX2 9XG,HX2  9XG,HX2 9XG,53.73343982255094,-2.130771365806413
HX2 1LH,HX2  1LH,HX2 1LH,53.73029169239368,-2.1243180089862412
HX4 7QJ,HX4  7QJ,HX4 7QJ,53.726984793600245,-2.126698408155036
HX3 4YX,HX3  4YX,HX3 4YX,53.72794410269746,-2.1138880442574233
HX6 0NX,HX6  0NX,HX6 0NX,53.72539567686881,-2.1145271056767316
HX1 6DP,HX1  6DP,HX1 6DP,53.725885970438846,-2.115935653961837
HX3 5UU,HX3  5UU,HX3 5UU,53.72565645541412,-2.1147449475247075
HX2 7PZ,HX2  7PZ,HX2 7PZ,53.72507453164472,-2.114172272088199
HX6 0LN,HX6  0LN,HX6 0LN,53.723239350075715,-2.1035227204825637
HX2 9YW,HX2  9YW,HX2 9YW,53.724071784433434,-2.10166862723068
HX6 1SG,HX6  1SG,HX6 1SG,53.72385020444842,-2.1017824529488243
HX5 9NY,HX5  9NY,HX5 9NY,53.722078291950126,-2.10020733547508
HX2 5GQ,HX2  5GQ,HX2 5GQ,53.72246669079031,-2.0985173734555653
HX6 9TJ,HX6  9TJ,HX6 9TJ,53.72414721644806,-2.0984591968058726
HX4 9PX,HX4  9PX,HX4 9PX,53.7221587999073,-2.103724200025236
HX7 3SY,HX7  3SY,HX7 3SY,53.72173976319237,-2.1055588649432035
HX3 7ZB,HX3  7ZB,HX3 7ZB,53.722076004471575,-2.103960442660198
HX2 9RZ,HX2  9RZ,HX2 9RZ,53.723198382838305,-2.1071783068028154
HX5 2EE,HX5  2EE,HX5 2EE,53.72279028070879,-2.1073227392111296
HX5 9PX,HX5  9PX,HX5 9PX,53.723292703710506,-2.105724501821446
HX7 4DP,HX7  4DP,HX7 4DP,53.72232230199292,-2.1022188130915787
HX4 7QZ,HX4  7QZ,HX4 7QZ,53.722440029942994,-2.101898033518919
HX2 0SJ,HX2  0SJ,HX2 0SJ,53.72171287676371,-2.1013066361913317
HX6 5QU,HX6  5QU,HX6 5QU,53.722784451696064,-2.1044225843258486
HX3 4HB,HX3  4HB,HX3 4HB,53.71813273839725,-2.0956894062379123
HX2 0AS,HX2  0AS,HX2 0AS,53.71846495605494,-2.0963980569219496
HX3 8WR,HX3  8WR,HX3 8WR,53.71842315430959,-2.096488843560757
HX7 6UU,HX7  6UU,HX7 6UU,53.718506026900684,-2.0957263088378006
HX5 2FY,HX5  2FY,HX5 2FY,53.71811660348128,-2.0956217448196646
HX1 4GR,HX1  4GR,HX1 4GR,53.71884881108734,-1.8807340365497869
HX4 0DZ,HX4  0DZ,HX4 0DZ,53.718871693567436,-1.879447093957732
HX6 6AT,HX6  6AT,HX6 6AT,53.718342177181405,-1.8800854606795674
HX3 4DS,HX3  4DS,HX3 4DS,53.71858530982625,-1.8807341120859211
HX1 2QT,HX1  2QT,HX1 2QT,53.718682976823445,-1.8796210395910768
HX3 1SW,HX3  1SW,HX3 1SW,53.71846152221891,-1.879657546543246
HX3 1SD,HX3  1SD,HX3 1SD,53.719351329077355,-1.879309440231001
HX4 5PF,HX4  5PF,HX4 5PF,53.71865242007472,-1.8805555661125875
HX4 7JY,HX4  7JY,HX4 7JY,53.7200667121977,-1.879844781298933
HX7 6WW,HX7  6WW,HX7 6WW,53.72002183876835,-1.8799265137617014
HX1 6UA,HX1  6UA,HX1 6UA,53.720086361197104,-1.8796112067085957
HX6 8XH,HX6  8XH,HX6 8XH,53.72009844897954,-1.8794828373771908
HX1 6AJ,HX1  6AJ,HX1 6AJ,53.7204373067715,-1.8803552856314925
HX1 3HP,HX1  3HP,HX1 3HP,53.71684930369921,-1.8799436438722212
HX2 5UJ,HX2  5UJ,HX2 5UJ,53.71675858933283,-1.8783772529773661
HX2 9WA,HX2  9WA,HX2 9WA,53.71680453239627,-1.8783503064089078
HX2 4NP,HX2  4NP,HX2 4NP,53.71837468543055,-1.8772779904692156
HX7 7UW,HX7  7UW,HX7 7UW,53.71676161838516,-1.8783918698710622
HX1 2AP,HX1  2AP,HX1 2AP,53.717414374431236,-1.8796194108549966
HX1 5PY,HX1  5PY,HX1 5PY,53.71731831715719,-1.8780945382482728
HX6 6TG,HX6  6TG,HX6 6TG,53.7179685891269,-1.8766140055677285
HX7 5RA,HX7  5RA,HX7 5RA,53.718488241798255,-1.876569622571286
HX2 4FB,HX2  4FB,HX2 4FB,53.71773269222783,-1.8780479553737035
HX1 3HX,HX1  3HX,HX1 3HX,53.71830988155271,-1.8756720411593626
HX3 4YJ,HX3  4YJ,HX3 4YJ,53.717576365959395,-1.8782385522605025
HX7 9DR,HX7  9DR,HX7 9DR,53.71858626706981,-1.8870372945795317
HX4 0JJ,HX4  0JJ,HX4 0JJ,53.71883562116752,-1.8875714123325054
HX6 3QE,HX6  3QE,HX6 3QE,53.7183039782914,-1.8872747358462572
HX7 1YZ,HX7  1YZ,HX7 1YZ,53.71822732493793,-1.8872164145171335
HX7 8UT,HX7  8UT,HX7 8UT,53.71717213574844,-1.8836622361828401
HX1 4US,HX1  4US,HX1 4US,53.717383955603566,-1.8832488300109012
HX3 2RD,HX3  2RD,HX3 2RD,53.71668483365579,-1.8830751791373481
HX3 8SW,HX3  8SW,HX3 8SW,53.71732377821917,-1.8832628520574997
HX6 0UE,HX6  0UE,HX6 0UE,53.71676590537691,-1.8829315505286321
HX7 7HJ,HX7  7HJ,HX7 7HJ,53.71748703421881,-1.8838286530037238
HX2 4LG,HX2  4LG,HX2 4LG,53.71746271567978,-1.8835919162514896
HX3 4SN,HX3  4SN,HX3 4SN,53.715980760016635,-1.8845900593410947
HX2 3PY,HX2  3PY,HX2 3PY,53.722295079144985,-1.8843175822435492
HX4 3QG,HX4  3QG,HX4 3QG,53.72153370251592,-1.8863330494041253
HX5 7QF,HX5  7QF,HX5 7QF,53.72245228337199,-1.8848026056499583
HX7 7BS,HX7  7BS,HX7 7BS,53.722464518692384,-1.884711356288756
HX5 8JF,HX5  8JF,HX5 8JF,53.72233440235346,-1.8829290755358785
HX6 2YJ,HX6  2YJ,HX6 2YJ,53.72246060691325,-1.8819529998933096
HX1 9JL,HX1  9JL,HX1 9JL,53.722470183597586,-1.8847164220746955
HX6 7JN,HX6  7JN,HX6 7JN,53.71974477998263,-1.8814837680932108
HX3 8LW,HX3  8LW,HX3 8LW,53.71939617332183,-1.8829144493940844
HX1 0FG,HX1  0FG,HX1 0FG,53.72107124653403,-1.8818309551323742
HX5 6WT,HX5  6WT,HX5 6WT,53.72236709057128,-1.8823479828946275
HX6 0JY,HX6  0JY,HX6 0JY,53.71986193003529,-1.8817745097316287
HX1 5ZD,HX1  5ZD,HX1 5ZD,53.720171291596486,-1.8845212841303645
HX6 3ND,HX6  3ND,HX6 3ND,53.71773202162634,-1.8844963153134966
HX4 3PH,HX4  3PH,HX4 3PH,53.718620699556276,-1.8832108026169396
HX7 8GY,HX7  8GY,HX7 8GY,53.71762727426252,-1.8850935764345633
HX2 3HG,HX2  3HG,HX2 3HG,53.718586945325214,-1.8831181378806365
HX7 6HQ,HX7  6HQ,HX7 6HQ,53.71887105307906,-1.8833230243537615
HX2 8WY,HX2  8WY,HX2 8WY,53.717407713897835,-1.8931784187231666
HX6 3JG,HX6  3JG,HX6 3JG,53.718464093651264,-1.8911779729942946
HX2 3UJ,HX2  3UJ,HX2 3UJ,53.71789836448642,-1.8940037554821918
HX5 2FL,HX5  2FL,HX5 2FL,53.71808031763946,-1.892577458458611
HX6 5JB,HX6  5JB,HX6 5JB,53.71776570547651,-1.8936415711998138
HX4 8LU,HX4  8LU,HX4 8LU,53.71916374786051,-1.8870045537491043
HX6 4ZZ,HX6  4ZZ,HX6 4ZZ,53.7192721825513,-1.884715521128654
HX6 3FB,HX6  3FB,HX6 3FB,53.71777931083191,-1.8862784266907493
HX5 4NN,HX5  4NN,HX5 4NN,53.718990663850455,-1.884502889840021
HX3 6AR,HX3  6AR,HX3 6AR,53.719580224394946,-1.8864614941066904
HX7 8UZ,HX7  8UZ,HX7 8UZ,53.71979569045893,-1.886155730985359
HX4 1WG,HX4  1WG,HX4 1WG,53.71811737096527,-1.884902211252935
HX3 4XU,HX3  4XU,HX3 4XU,53.715048876328076,-1.8899036528439834
HX1 3ZW,HX1  3ZW,HX1 3ZW,53.71769055398906,-1.8911290236975642
HX5 1DF,HX5  1DF,HX5 1DF,53.71736274488642,-1.8917895083900889
HX4 0NX,HX4  0NX,HX4 0NX,53.71660002411554,-1.8894717905908318
HX5 3FN,HX5  3FN,HX5 3FN,53.71501591746083,-1.8902073683559815
HX3 7YB,HX3  7YB,HX3 7YB,53.714966850393076,-1.890032585929778
HX5 2RN,HX5  2RN,HX5 2RN,53.71571455300486,-1.8907509669465543
HX7 9GJ,HX7  9GJ,HX7 9GJ,53.71642273325429,-1.8914425440655156
HX6 8ZZ,HX6  8ZZ,HX6 8ZZ,53.71577263506343,-1.8872324449364615
HX4 7HF,HX4  7HF,HX4 7HF,53.7169392430275,-1.8865341724804563
HX2 7HR,HX2  7HR,HX2 7HR,53.71440626391033,-1.8872834494744593
HX2 7BS,HX2  7BS,HX2 7BS,53.7182992866806,-1.8903087190055745
HX4 3LJ,HX4  3LJ,HX4 3LJ,53.716669948235655,-1.888272680324523
HX3 4ZL,HX3  4ZL,HX3 4ZL,53.71851535011072,-1.8890467221268212
HX3 7RP,HX3  7RP,HX3 7RP,53.716670832353444,-1.8882763720562588
HX2 4XF,HX2  4XF,HX2 4XF,53.71668567804754,-1.8882525772796477
HX2 5NL,HX2  5NL,HX2 5NL,53.71661549264632,-1.8891811965883276
HX2 2SY,HX2  2SY,HX2 2SY,53.716863048890474,-1.8875882168687275
HX4 2UZ,HX4  2UZ,HX4 2UZ,53.71478799442296,-1.8826545933908876
HX4 8PU,HX4  8PU,HX4 8PU,53.716887202935204,-1.881329628981954
HX7 5ZH,HX7  5ZH,HX7 5ZH,53.71596754152487,-1.8803990089243172
HX2 5US,HX2  5US,HX2 5US,53.714806786254705,-1.8825338552651347
HX6 2PG,HX6  2PG,HX6 2PG,53.71551949125758,-1.886490588952562
HX1 5WE,HX1  5WE,HX1 5WE,53.716917071441806,-1.8853674279469386
HX2 4ZE,HX2  4ZE,HX2 4ZE,53.717267565157734,-1.8857929039804253
HX7 0ZS,HX7  0ZS,HX7 0ZS,53.71706434825483,-1.8860410127346476
HX3 8FH,HX3  8FH,HX3 8FH,53.716493800110705,-1.8844374540124755
HX2 1WW,HX2  1WW,HX2 1WW,53.71619848517145,-1.8862221512950703
HX7 5PU,HX7  5PU,HX7 5PU,53.71717511925996,-1.8859495584851134
HX5 0WW,HX5  0WW,HX5 0WW,53.716757538851574,-1.8855037128857202
HX5 1SN,HX5  1SN,HX5 1SN,53.716301498859174,-1.882364746871628
HX7 3JG,HX7  3JG,HX7 3JG,53.71600982376743,-1.8842694736078578
HX4 1ZT,HX4  1ZT,HX4 1ZT,53.715617494903455,-1.8838971953220784
HX6 2YG,HX6  2YG,HX6 2YG,53.71676168161557,-1.8819726362816351
HX1 9SN,HX1  9SN,HX1 9SN,53.716179514549495,-1.883028476686724
HX7 3UA,HX7  3UA,HX7 3UA,53.715539926227,-1.8848507328197321
HX1 9JZ,HX1  9JZ,HX1 9JZ,53.71437884110842,-1.8861770648099592
HX2 4FU,HX2  4FU,HX2 4FU,53.71553762900032,-1.8848299240738071
HX7 2LN,HX7  2LN,HX7 2LN,53.76384592002217,-1.8829717270788835
HX3 0ZW,HX3  0ZW,HX3 0ZW,53.76521894765452,-1.8845426107528975
HX3 7AS,HX3  7AS,HX3 7AS,53.765289708331984,-1.8819245357570091
HX3 8BJ,HX3  8BJ,HX3 8BJ,53.7650416234935,-1.8821239523054623
HX1 1HF,HX1  1HF,HX1 1HF,53.76532824401756,-1.8840024282637078
HX6 6LQ,HX6  6LQ,HX6 6LQ,53.763852028541656,-1.8829273438902214
HX2 2EL,HX2  2EL,HX2 2EL,53.76478351319007,-1.881384713307331
HX3 2EW,HX3  2EW,HX3 2EW,53.759959601440656,-1.8970742591770127
HX3 2AP,HX3  2AP,HX3 2AP,53.75907495810141,-1.8931798164200093
HX1 5LW,HX1  5LW,HX1 5LW,53.7599655751131,-1.8952904927881487
HX4 6WF,HX4  6WF,HX4 6WF,53.76120097643694,-1.8952812255827733
HX1 0JY,HX1  0JY,HX1 0JY,53.74613021738867,-1.901256856520745
HX2 4RU,HX2  4RU,HX2 4RU,53.74609889852872,-1.9012243142631302
HX3 7PB,HX3  7PB,HX3 7PB,53.74543152277313,-1.9002244149466136
HX3 1HY,HX3  1HY,HX3 1HY,53.74345261315675,-1.899263942986686
HX2 0LR,HX2  0LR,HX2 0LR,53.74350466633592,-1.8996986536706797
HX1 1DG,HX1  1DG,HX1 1DG,53.74346103478221,-1.899245844682878
HX2 7QQ,HX2  7QQ,HX2 7QQ,53.74706056522292,-1.9009698940529782
HX7 3YD,HX7  3YD,HX7 3YD,53.74792088787103,-1.9018151388713496
HX6 6LX,HX6  6LX,HX6 6LX,53.75068335432883,-1.9012378205019906
HX2 6UP,HX2  6UP,HX2 6UP,53.74902589988704,-1.9028080496034634
HX2 7UF,HX2  7UF,HX2 7UF,53.74902494580686,-1.903167925551817
HX2 2AZ,HX2  2AZ,HX2 2AZ,53.749022849684664,-1.9027873783135258
HX6 2GX,HX6  2GX,HX6 2GX,53.747639159292035,-1.9030046689141054
HX2 5NU,HX2  5NU,HX2 5NU,53.72027095929916,-2.1053502202499876
HX1 1JZ,HX1  1JZ,HX1 1JZ,53.719980826752995,-2.1039647223444184
HX4 6XA,HX4  6XA,HX4 6XA,53.71963868601924,-2.1036542450593205
HX6 6ZQ,HX6  6ZQ,HX6 6ZQ,53.72014943686557,-2.1045655117102804
HX7 9BE,HX7  9BE,HX7 9BE,53.72143650616115,-2.1074778097116162
HX6 0QF,HX6  0QF,HX6 0QF,53.72271045411151,-2.1096887000208233
HX5 8BP,HX5  8BP,HX5 8BP,53.7223610682255,-2.107251984014234
HX1 8UY,HX1  8UY,HX1 8UY,53.72037533016541,-2.1033572658329382
HX6 8FA,HX6  8FA,HX6 8FA,53.72122597306007,-2.1072176556962394
