la_code,la_name,oa_code,gap,tightness,gap_per_km2,gap_perkm_rank_nat,tightness_rank_nat
E08000033,Calderdale,E00054865,15.847335243905919,5.393845922346852,74.74156555485423,64,31
E08000033,Calderdale,E00054866,29.977647805848548,5.2228132299062064,48.01746878634964,74,34
E08000033,Calderdale,E00054867,4.962903902514413,2.222325770604557,113.40233126061959,54,107
E08000033,Calderdale,E00054869,7.18790330959696,5.836149340458329,0.4839931830947455,122,24
E08000033,Calderdale,E00054870,26.799744063068033,3.4859241255495386,202.85237151705357,40,69
E08000033,Calderdale,E00054871,92.39384411804646,7.179376346025599,162.55405510144428,43,15
E08000033,Calderdale,E00054872,3.662154019281388,3.22961806145778,9.484764059296776,108,80
E08000033,Calderdale,E00054873,5.290871777387944,3.689748252482848,12.051652886882819,105,62
E08000033,Calderdale,E00054874,36.460368400470536,5.340401976633476,214.6230693452698,38,32
E08000033,Calderdale,E00054875,0.2749489862960255,1.2372956149352003,5.53378763411431,110,122
E08000033,Calderdale,E00054877,5.456246806846525,3.906640877834428,1.6638663979234727,117,59
E08000033,Calderdale,E00054878,9.665674728575876,4.456784505592606,21.95386493821822,97,42
E08000033,Calderdale,E00054879,3.063105406117689,1.8438219816269203,37.490054289369084,82,114
E08000033,Calderdale,E00054880,12.82904810573234,2.6093878723347417,36.5753761275171,85,97
E08000033,Calderdale,E00054999,17.29879138339652,2.881679666984031,398.4241421943853,23,91
E08000033,Calderdale,E00055002,18.558199794119677,6.346186326320694,22.13028943263334,96,18
E08000033,Calderdale,E00055003,55.91678119672448,7.468290485091064,1079.4358217635056,7,11
E08000033,Calderdale,E00055004,10.801549804952236,3.340524470700213,36.919068824049994,83,77
E08000033,Calderdale,E00055006,4.778881771200952,2.8607975346055046,47.25329471214161,75,93
E08000033,Calderdale,E00055010,1.6501674079329127,2.5058358063866333,1.332945303735222,118,99
E08000033,Calderdale,E00055011,2.7856755564219595,4.350351568738656,0.5030620244529345,121,44
E08000033,Calderdale,E00055012,38.023654713297546,5.1861348434085714,389.31577399803825,24,35
E08000033,Calderdale,E00055013,17.17765488194239,3.4992486891052748,471.2267404079181,17,68
E08000033,Calderdale,E00055014,2.035275536202964,5.665897527374883,37.55491589630216,81,28
E08000033,Calderdale,E00055015,4.639825903356943,1.816190016449154,87.26713059451637,58,115
E08000033,Calderdale,E00055016,0.570042865200485,1.980342306926716,13.98488377912117,103,112
E08000033,Calderdale,E00055017,0.11129222684704342,4.102742242341714,2.3223070785861757,113,54
E08000033,Calderdale,E00055018,3.8480665304572144,5.77126087696068,82.15168814255615,60,26
E08000033,Calderdale,E00055019,16.72395068610821,3.9503846606029316,167.8768671968354,41,57
E08000033,Calderdale,E00055020,4.767169684200348,4.842958717621592,92.87898638653542,57,37
E08000033,Calderdale,E00055021,4.949295179779705,2.129819471294942,118.87585867072434,51,110
E08000033,Calderdale,E00055022,6.808924684617457,2.576426882302949,142.52760663000407,49,98
E08000033,Calderdale,E00055023,16.161278102217576,8.512120289819695,58.20746646054723,72,6
E08000033,Calderdale,E00055024,-0.021227354730019965,0.9295977090432919,-0.41616491837131375,126,126
E08000033,Calderdale,E00055025,12.394729453726947,7.182357913703033,478.6901736066733,16,14
E08000033,Calderdale,E00055026,8.252170378813972,3.9312547990153224,24.714436173971524,91,58
E08000033,Calderdale,E00055027,77.92356064118238,1.8975733760374154,931.8321569582783,8,113
E08000033,Calderdale,E00055028,4.692514449945003,4.810554892029244,62.57150827526852,69,38
E08000033,Calderdale,E00055029,2.463824316866221,3.3987077778614934,64.96188969369975,68,74
E08000033,Calderdale,E00055069,90.13843809960778,3.357720692170563,249.10200001064837,35,75
E08000033,Calderdale,E00055073,0.8743408228865284,3.1941276763224637,10.110693847863166,107,81
E08000033,Calderdale,E00055074,36.697492395328595,9.597525101668843,677.3079675454045,13,4
E08000033,Calderdale,E00055096,0.24692323228735558,1.145416272182555,0.075034803344676,124,123
E08000033,Calderdale,E00055097,0.23778462151779,1.2931181387134765,0.5111512420599037,120,121
E08000033,Calderdale,E00055098,2.4862210874158404,2.273286062488646,21.52486673771409,98,106
E08000033,Calderdale,E00055099,21.97632827485289,9.422615823401078,207.48098558046988,39,5
E08000033,Calderdale,E00055100,0.20539452426731064,3.3412975077019103,3.4125419904019183,112,76
E08000033,Calderdale,E00055101,0.6206741901245401,4.433162507398196,12.958723632226814,104,43
E08000033,Calderdale,E00055102,4.043166996636346,3.6116648819360835,69.20658904691723,66,65
E08000033,Calderdale,E00055142,2.854384412142707,4.278560876147971,16.051175433642243,101,46
E08000033,Calderdale,E00055144,11.872269463371982,3.0225149775342657,290.6973578014732,27,88
E08000033,Calderdale,E00055145,2.209509196965776,2.6184474178168173,40.414358606822894,80,96
E08000033,Calderdale,E00055147,0.7302281266477033,1.6727263851758671,17.703917402480023,100,117
E08000033,Calderdale,E00055148,48.76042024186113,2.692138443370582,1435.850933473754,2,94
E08000033,Calderdale,E00055149,17.953510142077143,1.531647772542934,416.63010957805386,20,119
E08000033,Calderdale,E00055152,103.78610452310326,3.011503018807607,891.0970313894834,9,89
E08000033,Calderdale,E00055154,11.377170789623257,4.938929942514317,446.8383815360164,18,36
E08000033,Calderdale,E00055155,9.251013061385668,3.1647872162053616,308.00111573459117,26,83
E08000033,Calderdale,E00055158,4.3339854815376615,1.6480478523658875,86.40896237110854,59,118
E08000033,Calderdale,E00055159,12.067548623302285,4.212990839079244,255.8588849804647,34,52
E08000033,Calderdale,E00055160,10.284103818404386,2.4787381901971193,270.6852614139561,31,101
E08000033,Calderdale,E00055164,3.4516098823428134,5.466485848460458,76.62232085152013,63,30
E08000033,Calderdale,E00055165,0.3481219000906585,3.0726164949415975,6.776442501390106,109,86
E08000033,Calderdale,E00055166,15.530723258148473,3.169872554497123,262.6842885956596,32,82
E08000033,Calderdale,E00055248,0.8701959361017675,5.498975291541377,61.925366168850665,70,29
E08000033,Calderdale,E00055249,3.7708319985048875,4.0110112646460125,29.6687936457026,86,56
E08000033,Calderdale,E00055253,1.6815335426907914,4.791232807553277,76.67351071277834,62,39
E08000033,Calderdale,E00055255,9.58042649237196,6.3219833369536165,46.056261359124505,78,19
E08000033,Calderdale,E00055355,14.144214214550246,7.4326473576326295,117.92845039425744,52,12
E08000033,Calderdale,E00055356,6.860278233905824,2.323497887305329,25.86909641170655,88,104
E08000033,Calderdale,E00055357,5.616584318564264,1.0218464053548486,167.65440768642884,42,125
E08000033,Calderdale,E00055358,41.22568348912458,5.236870737861985,278.33311279216906,29,33
E08000033,Calderdale,E00055359,5.071827978642855,5.806816665334039,14.545108778397783,102,25
E08000033,Calderdale,E00055360,14.727675565644384,8.373128145398654,256.7084528175176,33,7
E08000033,Calderdale,E00055361,24.464650870157218,4.266477150276077,717.9261822612203,12,47
E08000033,Calderdale,E00055362,3.775306311528884,3.231480791121647,0.31176346205113514,123,79
E08000033,Calderdale,E00055363,19.007645847062864,4.332460187958618,636.0769482757851,14,45
E08000033,Calderdale,E00055364,29.230395060968206,2.1523659119614753,46.40348804341166,77,109
E08000033,Calderdale,E00055365,1.6994642831163442,4.240215101883949,115.80492530796379,53,48
E08000033,Calderdale,E00055366,0.9284491073963673,2.4920536830685194,10.722825889556105,106,100
E08000033,Calderdale,E00055367,80.4312824968469,6.446914934988478,825.217814899129,10,16
E08000033,Calderdale,E00055368,0.046847027264870444,1.132754786772265,2.033839427213892,115,124
E08000033,Calderdale,E00055369,9.246756369448846,5.86011568550021,152.44754327082987,46,22
E08000033,Calderdale,E00055370,75.5046451543751,14.32659779396766,153.47078849546304,45,1
E08000033,Calderdale,E00055371,0.26037175364695875,2.3502866490175514,0.7819825671405365,119,103
E08000033,Calderdale,E00055372,57.20954193810081,4.021480154539884,80.94749245847278,61,55
E08000033,Calderdale,E00055373,2.794156936271748,5.689338658463808,1.799487541211192,116,27
E08000033,Calderdale,E00055374,0.3668012565557305,2.118247136987744,3.4145208246391094,111,111
E08000033,Calderdale,E00055375,0.28753666280408935,2.197082504437404,0.04862653517549631,125,108
E08000033,Calderdale,E00055376,5.934955956648619,7.634198371186268,23.852177158113836,92,10
E08000033,Calderdale,E00055377,74.82999529708727,5.839893147976053,340.084155605763,25,23
E08000033,Calderdale,E00055378,2.5623285134916767,2.880866924236017,18.623686710674676,99,92
E08000033,Calderdale,E00055379,34.48416304292574,7.327837574247332,216.8738140007822,37,13
E08000033,Calderdale,E00055380,9.517211851148168,3.4615373202731057,25.316560949779795,90,71
E08000033,Calderdale,E00055381,66.52726468927155,11.181600254159994,144.29587404193944,48,3
E08000033,Calderdale,E00055382,6.885862173276743,4.71676282300262,161.6574408170959,44,40
E08000033,Calderdale,E00055383,39.824406390984215,4.234577601772512,733.1789845636056,11,49
E08000033,Calderdale,E00055384,3.497704072786763,3.529870647093451,25.347662794867077,89,67
E08000033,Calderdale,E00055386,1.433969563443239,1.4443461481676463,23.721682061934388,93,120
E08000033,Calderdale,E00055387,57.22192270914214,8.289791162987248,1280.1675956715287,4,8
E08000033,Calderdale,E00055388,4.786732129646349,3.1283849933010957,65.82096415778047,67,85
E08000033,Calderdale,E00055389,0.38498946464084494,1.6813538730144033,26.60893919197752,87,116
E08000033,Calderdale,E00055416,0.6846201627787405,2.4455573670568684,36.78073157861315,84,102
E08000033,Calderdale,E00055417,22.521160586483475,3.5956637165268366,1197.038629073617,6,66
E08000033,Calderdale,E00055418,19.849173890071846,3.133996239169672,414.67341172630984,22,84
E08000033,Calderdale,E00055423,3.8930450953339575,3.839057340933015,128.70825562768968,50,60
E08000033,Calderdale,E00055436,10.915137255273953,4.226871230766488,562.0399909025432,15,50
E08000033,Calderdale,E00055437,7.690596866148414,2.6543830520119833,288.8987545131517,28,95
E08000033,Calderdale,E00055448,11.41186734343647,3.299235986515411,221.0569929722734,36,78
E08000033,Calderdale,E00055449,12.134472493062876,6.066282380125697,272.6798777351633,30,20
E08000033,Calderdale,E00055452,175.62079355538236,8.131807019287459,4677.863547941214,1,9
E08000033,Calderdale,E00055453,1.0863812471281014,2.2975053329118573,22.880287494487543,95,105
E08000033,Calderdale,E00055454,57.09609542302775,3.4137155793089957,1431.5867667465718,3,73
E08000033,Calderdale,E00055455,24.563997407390737,3.824559763892366,416.4577916025417,21,61
E08000033,Calderdale,E00055456,2.829677807422915,3.472862049777611,61.30203753127986,71,70
E08000033,Calderdale,E00055457,1.7954218802442403,6.353908276251697,42.44019567173665,79,17
E08000033,Calderdale,E00055458,40.55398201098033,11.331536995332954,1257.041717897853,5,2
E08000033,Calderdale,E00055459,10.689006079296465,5.989907694608585,420.11147464367593,19,21
E08000033,Calderdale,E00055460,5.219165954593192,3.4457329821518634,147.91037502101486,47,72
E08000033,Calderdale,E00055461,0.06511462555805939,3.0305313065454476,2.270140825177087,114,87
E08000033,Calderdale,E00168672,9.592508704918554,3.6375088093676013,55.65957417132441,73,64
E08000033,Calderdale,E00168675,1.8761084462421913,2.9262734371178167,46.99529605555075,76,90
E08000033,Calderdale,E00168688,2.293328064785445,3.6790129426199965,23.34182252612456,94,63
E08000033,Calderdale,E00178636,9.78141899528738,4.636064441058762,95.09217611886135,56,41
E08000033,Calderdale,E00178692,1.2859237641769963,4.2174498480067015,74.08015667146346,65,51
E08000033,Calderdale,E00178707,7.1475046274172085,4.168059364716713,113.13286091380743,55,53
