oa_code,la_code,gap,gap_per_km2,avg_rental_price,avg_buying_price
E00054865,E08000033,15.847335243905919,74.74156555485423,485,163201
E00054866,E08000033,29.977647805848548,48.01746878634964,1255,199121
E00054867,E08000033,4.962903902514413,113.40233126061959,1543,155677
E00054869,E08000033,7.18790330959696,0.4839931830947455,583,107018
E00054870,E08000033,26.799744063068033,202.85237151705357,641,156567
E00054871,E08000033,92.39384411804646,162.55405510144428,569,238955
E00054872,E08000033,3.662154019281388,9.484764059296776,773,177002
E00054873,E08000033,5.290871777387944,12.051652886882819,380,163683
E00054874,E08000033,36.460368400470536,214.6230693452698,1084,137072
E00054875,E08000033,0.2749489862960255,5.53378763411431,368,101674
E00054877,E08000033,5.456246806846525,1.6638663979234727,423,178063
E00054878,E08000033,9.665674728575876,21.95386493821822,768,76575
E00054879,E08000033,3.063105406117689,37.490054289369084,574,160872
E00054880,E08000033,12.82904810573234,36.5753761275171,459,300986
E00054999,E08000033,17.29879138339652,398.4241421943853,585,170119
E00055002,E08000033,18.558199794119677,22.13028943263334,928,250714
E00055003,E08000033,55.91678119672448,1079.4358217635056,387,214279
E00055004,E08000033,10.801549804952236,36.919068824049994,617,199979
E00055006,E08000033,4.778881771200952,47.25329471214161,859,119065
E00055010,E08000033,1.6501674079329127,1.332945303735222,644,149123
E00055011,E08000033,2.7856755564219595,0.5030620244529345,528,219779
E00055012,E08000033,38.023654713297546,389.31577399803825,509,139934
E00055013,E08000033,17.17765488194239,471.2267404079181,507,113971
E00055014,E08000033,2.035275536202964,37.55491589630216,362,161034
E00055015,E08000033,4.639825903356943,87.26713059451637,850,173554
E00055016,E08000033,0.570042865200485,13.98488377912117,235,177174
E00055017,E08000033,0.11129222684704342,2.3223070785861757,790,232743
E00055018,E08000033,3.8480665304572144,82.15168814255615,920,181326
E00055019,E08000033,16.72395068610821,167.8768671968354,456,110216
E00055020,E08000033,4.767169684200348,92.87898638653542,682,74621
E00055021,E08000033,4.949295179779705,118.87585867072434,756,262409
E00055022,E08000033,6.808924684617457,142.52760663000407,467,194463
E00055023,E08000033,16.161278102217576,58.20746646054723,687,71439
E00055024,E08000033,-0.021227354730019965,-0.41616491837131375,1044,82658
E00055025,E08000033,12.394729453726947,478.6901736066733,426,67298
E00055026,E08000033,8.252170378813972,24.714436173971524,1601,195882
E00055027,E08000033,77.92356064118238,931.8321569582783,546,91047
E00055028,E08000033,4.692514449945003,62.57150827526852,927,183354
E00055029,E08000033,2.463824316866221,64.96188969369975,1148,57030
E00055069,E08000033,90.13843809960778,249.10200001064837,1166,184967
E00055073,E08000033,0.8743408228865284,10.110693847863166,369,134981
E00055074,E08000033,36.697492395328595,677.3079675454045,666,85977
E00055096,E08000033,0.24692323228735558,0.075034803344676,624,114766
E00055097,E08000033,0.23778462151779,0.5111512420599037,848,202927
E00055098,E08000033,2.4862210874158404,21.52486673771409,960,250186
E00055099,E08000033,21.97632827485289,207.48098558046988,1076,128370
E00055100,E08000033,0.20539452426731064,3.4125419904019183,538,97666
E00055101,E08000033,0.6206741901245401,12.958723632226814,464,237682
E00055102,E08000033,4.043166996636346,69.20658904691723,835,122340
E00055142,E08000033,2.854384412142707,16.051175433642243,459,114886
E00055144,E08000033,11.872269463371982,290.6973578014732,444,145887
E00055145,E08000033,2.209509196965776,40.414358606822894,802,139017
E00055147,E08000033,0.7302281266477033,17.703917402480023,735,78631
E00055148,E08000033,48.76042024186113,1435.850933473754,562,224854
E00055149,E08000033,17.953510142077143,416.63010957805386,523,196166
E00055152,E08000033,103.78610452310326,891.0970313894834,842,152909
E00055154,E08000033,11.377170789623257,446.8383815360164,678,143656
E00055155,E08000033,9.251013061385668,308.00111573459117,524,123978
E00055158,E08000033,4.3339854815376615,86.40896237110854,1289,176818
E00055159,E08000033,12.067548623302285,255.8588849804647,729,108968
E00055160,E08000033,10.284103818404386,270.6852614139561,853,73641
E00055164,E08000033,3.4516098823428134,76.62232085152013,1108,308645
E00055165,E08000033,0.3481219000906585,6.776442501390106,1010,143636
E00055166,E08000033,15.530723258148473,262.6842885956596,491,176592
E00055248,E08000033,0.8701959361017675,61.925366168850665,554,120931
E00055249,E08000033,3.7708319985048875,29.6687936457026,414,147369
E00055253,E08000033,1.6815335426907914,76.67351071277834,762,129858
E00055255,E08000033,9.58042649237196,46.056261359124505,626,141572
E00055355,E08000033,14.144214214550246,117.92845039425744,699,151047
E00055356,E08000033,6.860278233905824,25.86909641170655,447,429630
E00055357,E08000033,5.616584318564264,167.65440768642884,402,175124
E00055358,E08000033,41.22568348912458,278.33311279216906,514,123652
E00055359,E08000033,5.071827978642855,14.545108778397783,930,163629
E00055360,E08000033,14.727675565644384,256.7084528175176,359,224802
E00055361,E08000033,24.464650870157218,717.9261822612203,853,88771
E00055362,E08000033,3.775306311528884,0.31176346205113514,751,82757
E00055363,E08000033,19.007645847062864,636.0769482757851,978,101826
E00055364,E08000033,29.230395060968206,46.40348804341166,701,109937
E00055365,E08000033,1.6994642831163442,115.80492530796379,390,195713
E00055366,E08000033,0.9284491073963673,10.722825889556105,344,364059
E00055367,E08000033,80.4312824968469,825.217814899129,768,123467
E00055368,E08000033,0.046847027264870444,2.033839427213892,510,77848
E00055369,E08000033,9.246756369448846,152.44754327082987,671,103847
E00055370,E08000033,75.5046451543751,153.47078849546304,535,235944
E00055371,E08000033,0.26037175364695875,0.7819825671405365,649,96831
E00055372,E08000033,57.20954193810081,80.94749245847278,944,190396
E00055373,E08000033,2.794156936271748,1.799487541211192,873,97275
E00055374,E08000033,0.3668012565557305,3.4145208246391094,692,133485
E00055375,E08000033,0.28753666280408935,0.04862653517549631,676,74183
E00055376,E08000033,5.934955956648619,23.852177158113836,872,77364
E00055377,E08000033,74.82999529708727,340.084155605763,1385,415247
E00055378,E08000033,2.5623285134916767,18.623686710674676,617,144095
E00055379,E08000033,34.48416304292574,216.8738140007822,596,108294
E00055380,E08000033,9.517211851148168,25.316560949779795,578,209300
E00055381,E08000033,66.52726468927155,144.29587404193944,365,112028
E00055382,E08000033,6.885862173276743,161.6574408170959,778,128635
E00055383,E08000033,39.824406390984215,733.1789845636056,831,208873
E00055384,E08000033,3.497704072786763,25.347662794867077,686,93360
E00055386,E08000033,1.433969563443239,23.721682061934388,737,261814
E00055387,E08000033,57.22192270914214,1280.1675956715287,561,141413
E00055388,E08000033,4.786732129646349,65.82096415778047,609,185257
E00055389,E08000033,0.38498946464084494,26.60893919197752,613,115307
E00055416,E08000033,0.6846201627787405,36.78073157861315,760,150095
E00055417,E08000033,22.521160586483475,1197.038629073617,630,253540
E00055418,E08000033,19.849173890071846,414.67341172630984,999,203137
E00055423,E08000033,3.8930450953339575,128.70825562768968,596,147182
E00055436,E08000033,10.915137255273953,562.0399909025432,775,76935
E00055437,E08000033,7.690596866148414,288.8987545131517,478,173972
E00055448,E08000033,11.41186734343647,221.0569929722734,489,173505
E00055449,E08000033,12.134472493062876,272.6798777351633,628,156096
E00055452,E08000033,175.62079355538236,4677.863547941214,391,229301
E00055453,E08000033,1.0863812471281014,22.880287494487543,765,284423
E00055454,E08000033,57.09609542302775,1431.5867667465718,908,126906
E00055455,E08000033,24.563997407390737,416.4577916025417,614,136121
E00055456,E08000033,2.829677807422915,61.30203753127986,817,147713
E00055457,E08000033,1.7954218802442403,42.44019567173665,706,214880
E00055458,E08000033,40.55398201098033,1257.041717897853,847,167855
E00055459,E08000033,10.689006079296465,420.11147464367593,652,149797
E00055460,E08000033,5.219165954593192,147.91037502101486,857,81689
E00055461,E08000033,0.06511462555805939,2.270140825177087,833,101144
E00168672,E08000033,9.592508704918554,55.65957417132441,774,104646
E00168675,E08000033,1.8761084462421913,46.99529605555075,883,143322
E00168688,E08000033,2.293328064785445,23.34182252612456,652,176816
E00178636,E08000033,9.78141899528738,95.09217611886135,869,49707
E00178692,E08000033,1.2859237641769963,74.08015667146346,659,375304
E00178707,E08000033,7.1475046274172085,113.13286091380743,695,159959
